time,o_taz,d_taz,total
0,21510111,21510111,400.246
0,21510111,21510120,109.929
0,21510111,21510130,255.646
0,21510111,21510330,99.3279
0,21510111,26510110,174.607
0,21510111,26510130,113.564
0,21510111,26510310,111.703
0,21510120,21510111,109.775
0,21510120,21510120,371.335
0,21510120,21510130,217.251
0,21510120,21510330,76.8997
0,21510120,26510110,154.15
0,21510120,26510130,101.606
0,21510120,26510310,126.377
0,21510130,21510111,142.322
0,21510130,21510120,196.225
0,21510130,21510130,1226.34
0,21510130,21510330,176.644
0,21510130,26510110,244.366
0,21510130,26510130,169.635
0,21510130,26510310,180.542
0,21510330,21510111,75.6513
0,21510330,21510120,30.9482
0,21510330,21510130,190.398
0,21510330,21510330,228.859
0,21510330,26510110,131.043
0,21510330,26510130,71.5336
0,21510330,26510310,59.4653
0,26510110,21510111,76.3521
0,26510110,21510120,82.901
0,26510110,21510130,202.642
0,26510110,21510330,102.81
0,26510110,26510110,640.648
0,26510110,26510130,213.44
0,26510110,26510310,123.902
0,26510130,21510111,80.1632
0,26510130,21510120,85.0036
0,26510130,21510130,180.499
0,26510130,21510330,79.5937
0,26510130,26510110,304.292
0,26510130,26510130,381.016
0,26510130,26510310,132.883
0,26510310,21510111,85.2446
0,26510310,21510120,89.866
0,26510310,21510130,162.517
0,26510310,21510330,55.1943
0,26510310,26510110,148.017
0,26510310,26510130,106.687
0,26510310,26510310,244.651
1,21510111,21510111,251.156
1,21510111,21510120,68.9806
1,21510111,21510130,160.419
1,21510111,21510330,62.3286
1,21510111,26510110,109.566
1,21510111,26510130,71.2621
1,21510111,26510310,70.0939
1,21510120,21510111,68.8844
1,21510120,21510120,233.014
1,21510120,21510130,136.326
1,21510120,21510330,48.2548
1,21510120,26510110,96.7295
1,21510120,26510130,63.7579
1,21510120,26510310,79.3023
1,21510130,21510111,89.3078
1,21510130,21510120,123.132
1,21510130,21510130,769.534
1,21510130,21510330,110.845
1,21510130,26510110,153.341
1,21510130,26510130,106.446
1,21510130,26510310,113.291
1,21510330,21510111,47.4714
1,21510330,21510120,19.4201
1,21510330,21510130,119.476
1,21510330,21510330,143.61
1,21510330,26510110,82.2297
1,21510330,26510130,44.8876
1,21510330,26510310,37.3147
1,26510110,21510111,47.9112
1,26510110,21510120,52.0206
1,26510110,21510130,127.159
1,26510110,21510330,64.5138
1,26510110,26510110,402.009
1,26510110,26510130,133.934
1,26510110,26510310,77.7492
1,26510130,21510111,50.3027
1,26510130,21510120,53.3401
1,26510130,21510130,113.263
1,26510130,21510330,49.9453
1,26510130,26510110,190.944
1,26510130,26510130,239.089
1,26510130,26510310,83.3842
1,26510310,21510111,53.4912
1,26510310,21510120,56.3912
1,26510310,21510130,101.98
1,26510310,21510330,34.6346
1,26510310,26510110,92.8812
1,26510310,26510130,66.9465
1,26510310,26510310,153.519
2,21510111,21510111,133.059
2,21510111,21510120,36.545
2,21510111,21510130,84.9878
2,21510111,21510330,33.0209
2,21510111,26510110,58.0468
2,21510111,26510130,37.7537
2,21510111,26510310,37.1348
2,21510120,21510111,36.4941
2,21510120,21510120,123.448
2,21510120,21510130,72.2236
2,21510120,21510330,25.5648
2,21510120,26510110,51.2461
2,21510120,26510130,33.7781
2,21510120,26510310,42.0133
2,21510130,21510111,47.3142
2,21510130,21510120,65.2335
2,21510130,21510130,407.69
2,21510130,21510330,58.724
2,21510130,26510110,81.2379
2,21510130,26510130,56.394
2,21510130,26510310,60.0201
2,21510330,21510111,25.1497
2,21510330,21510120,10.2885
2,21510330,21510130,63.2967
2,21510330,21510330,76.0827
2,21510330,26510110,43.5643
2,21510330,26510130,23.7809
2,21510330,26510310,19.7688
2,26510110,21510111,25.3828
2,26510110,21510120,27.5599
2,26510110,21510130,67.367
2,26510110,21510330,34.1786
2,26510110,26510110,212.979
2,26510110,26510130,70.9567
2,26510110,26510310,41.1905
2,26510130,21510111,26.6497
2,26510130,21510120,28.2589
2,26510130,21510130,60.0055
2,26510130,21510330,26.4604
2,26510130,26510110,101.16
2,26510130,26510130,126.666
2,26510130,26510310,44.1759
2,26510310,21510111,28.339
2,26510310,21510120,29.8753
2,26510310,21510130,54.0275
2,26510310,21510330,18.349
2,26510310,26510110,49.2073
2,26510310,26510130,35.4674
2,26510310,26510310,81.3326
3,21510111,21510111,104.47
3,21510111,21510120,28.693
3,21510111,21510130,66.7274
3,21510111,21510330,25.926
3,21510111,26510110,45.5749
3,21510111,26510130,29.642
3,21510111,26510310,29.1561
3,21510120,21510111,28.653
3,21510120,21510120,96.9239
3,21510120,21510130,56.7057
3,21510120,21510330,20.072
3,21510120,26510110,40.2354
3,21510120,26510130,26.5206
3,21510120,26510310,32.9864
3,21510130,21510111,37.1483
3,21510130,21510120,51.2175
3,21510130,21510130,320.094
3,21510130,21510330,46.1066
3,21510130,26510110,63.7832
3,21510130,26510130,44.2772
3,21510130,26510310,47.1242
3,21510330,21510111,19.7461
3,21510330,21510120,8.07795
3,21510330,21510130,49.6968
3,21510330,21510330,59.7356
3,21510330,26510110,34.2041
3,21510330,26510130,18.6713
3,21510330,26510310,15.5213
3,26510110,21510111,19.929
3,26510110,21510120,21.6384
3,26510110,21510130,52.8925
3,26510110,21510330,26.835
3,26510110,26510110,167.219
3,26510110,26510130,55.711
3,26510110,26510310,32.3404
3,26510130,21510111,20.9238
3,26510130,21510120,22.1872
3,26510130,21510130,47.1128
3,26510130,21510330,20.7751
3,26510130,26510110,79.4246
3,26510130,26510130,99.4508
3,26510130,26510310,34.6843
3,26510310,21510111,22.2501
3,26510310,21510120,23.4563
3,26510310,21510130,42.4192
3,26510310,21510330,14.4065
3,26510310,26510110,38.6346
3,26510310,26510130,27.8469
3,26510310,26510310,63.8575
4,21510111,21510111,72.1405
4,21510111,21510120,19.8136
4,21510111,21510130,46.0777
4,21510111,21510330,17.9029
4,21510111,26510110,31.4712
4,21510111,26510130,20.4689
4,21510111,26510310,20.1333
4,21510120,21510111,19.7859
4,21510120,21510120,66.9296
4,21510120,21510130,39.1574
4,21510120,21510330,13.8604
4,21510120,26510110,27.784
4,21510120,26510130,18.3134
4,21510120,26510310,22.7783
4,21510130,21510111,25.6523
4,21510130,21510120,35.3676
4,21510130,21510130,221.036
4,21510130,21510330,31.8383
4,21510130,26510110,44.0447
4,21510130,26510130,30.5751
4,21510130,26510310,32.541
4,21510330,21510111,13.6354
4,21510330,21510120,5.57812
4,21510330,21510130,34.3175
4,21510330,21510330,41.2497
4,21510330,26510110,23.6192
4,21510330,26510130,12.8932
4,21510330,26510310,10.718
4,26510110,21510111,13.7617
4,26510110,21510120,14.9421
4,26510110,21510130,36.5243
4,26510110,21510330,18.5306
4,26510110,26510110,115.471
4,26510110,26510130,38.4705
4,26510110,26510310,22.3322
4,26510130,21510111,14.4486
4,26510130,21510120,15.3211
4,26510130,21510130,32.5331
4,26510130,21510330,14.346
4,26510130,26510110,54.8456
4,26510130,26510130,68.6744
4,26510130,26510310,23.9508
4,26510310,21510111,15.3645
4,26510310,21510120,16.1975
4,26510310,21510130,29.292
4,26510310,21510330,9.94824
4,26510310,26510110,26.6787
4,26510310,26510130,19.2293
4,26510310,26510310,44.096
5,21510111,21510111,82.5608
5,21510111,21510120,22.6755
5,21510111,21510130,52.7334
5,21510111,21510330,20.4889
5,21510111,26510110,36.017
5,21510111,26510130,23.4255
5,21510111,26510310,23.0415
5,21510120,21510111,22.6439
5,21510120,21510120,76.5972
5,21510120,21510130,44.8134
5,21510120,21510330,15.8625
5,21510120,26510110,31.7973
5,21510120,26510130,20.9587
5,21510120,26510310,26.0685
5,21510130,21510111,29.3576
5,21510130,21510120,40.4762
5,21510130,21510130,252.964
5,21510130,21510330,36.4372
5,21510130,26510110,50.4067
5,21510130,26510130,34.9914
5,21510130,26510310,37.2414
5,21510330,21510111,15.605
5,21510330,21510120,6.38385
5,21510330,21510130,39.2745
5,21510330,21510330,47.208
5,21510330,26510110,27.0308
5,21510330,26510130,14.7556
5,21510330,26510310,12.2662
5,26510110,21510111,15.7495
5,26510110,21510120,17.1004
5,26510110,21510130,41.8
5,26510110,21510330,21.2072
5,26510110,26510110,132.15
5,26510110,26510130,44.0273
5,26510110,26510310,25.558
5,26510130,21510111,16.5357
5,26510130,21510120,17.5341
5,26510130,21510130,37.2323
5,26510130,21510330,16.4182
5,26510130,26510110,62.7677
5,26510130,26510130,78.5941
5,26510130,26510310,27.4103
5,26510310,21510111,17.5838
5,26510310,21510120,18.5371
5,26510310,21510130,33.5231
5,26510310,21510330,11.3852
5,26510310,26510110,30.5322
5,26510310,26510130,22.0069
5,26510310,26510310,50.4654
6,21510111,21510111,154.434
6,21510111,21510120,42.4157
6,21510111,21510130,98.6405
6,21510111,21510330,38.3254
6,21510111,26510110,67.3716
6,21510111,26510130,43.8186
6,21510111,26510310,43.1003
6,21510120,21510111,42.3566
6,21510120,21510120,143.279
6,21510120,21510130,83.8258
6,21510120,21510330,29.6716
6,21510120,26510110,59.4784
6,21510120,26510130,39.2043
6,21510120,26510310,48.7625
6,21510130,21510111,54.9148
6,21510130,21510120,75.7128
6,21510130,21510130,473.182
6,21510130,21510330,68.1576
6,21510130,26510110,94.2882
6,21510130,26510130,65.4533
6,21510130,26510310,69.6619
6,21510330,21510111,29.1899
6,21510330,21510120,11.9413
6,21510330,21510130,73.4648
6,21510330,21510330,88.3048
6,21510330,26510110,50.5625
6,21510330,26510130,27.6011
6,21510330,26510310,22.9446
6,26510110,21510111,29.4603
6,26510110,21510120,31.9872
6,26510110,21510130,78.189
6,26510110,21510330,39.6692
6,26510110,26510110,247.193
6,26510110,26510130,82.3553
6,26510110,26510310,47.8075
6,26510130,21510111,30.9308
6,26510130,21510120,32.7985
6,26510130,21510130,69.645
6,26510130,21510330,30.7111
6,26510130,26510110,117.41
6,26510130,26510130,147.014
6,26510130,26510310,51.2724
6,26510310,21510111,32.8914
6,26510310,21510120,34.6746
6,26510310,21510130,62.7067
6,26510310,21510330,21.2966
6,26510310,26510110,57.1121
6,26510310,26510130,41.165
6,26510310,26510310,94.398
7,21510111,21510111,479.067
7,21510111,21510120,131.577
7,21510111,21510130,305.99
7,21510111,21510330,118.888
7,21510111,26510110,208.992
7,21510111,26510130,135.929
7,21510111,26510310,133.7
7,21510120,21510111,131.393
7,21510120,21510120,444.462
7,21510120,21510130,260.034
7,21510120,21510330,92.0435
7,21510120,26510110,184.506
7,21510120,26510130,121.615
7,21510120,26510310,151.265
7,21510130,21510111,170.35
7,21510130,21510120,234.867
7,21510130,21510130,1467.85
7,21510130,21510330,211.43
7,21510130,26510110,292.489
7,21510130,26510130,203.041
7,21510130,26510310,216.096
7,21510330,21510111,90.5492
7,21510330,21510120,37.0429
7,21510330,21510130,227.894
7,21510330,21510330,273.928
7,21510330,26510110,156.849
7,21510330,26510130,85.6206
7,21510330,26510310,71.1758
7,26510110,21510111,91.3881
7,26510110,21510120,99.2266
7,26510110,21510130,242.548
7,26510110,21510330,123.057
7,26510110,26510110,766.811
7,26510110,26510130,255.472
7,26510110,26510310,148.302
7,26510130,21510111,95.9496
7,26510130,21510120,101.743
7,26510130,21510130,216.044
7,26510130,21510330,95.268
7,26510130,26510110,364.215
7,26510130,26510130,456.049
7,26510130,26510310,159.051
7,26510310,21510111,102.032
7,26510310,21510120,107.563
7,26510310,21510130,194.521
7,26510310,21510330,66.0637
7,26510310,26510110,177.166
7,26510310,26510130,127.697
7,26510310,26510310,292.83
8,21510111,21510111,983.516
8,21510111,21510120,270.125
8,21510111,21510130,628.193
8,21510111,21510330,244.076
8,21510111,26510110,429.057
8,21510111,26510130,279.059
8,21510111,26510310,274.485
8,21510120,21510111,269.748
8,21510120,21510120,912.473
8,21510120,21510130,533.846
8,21510120,21510330,188.964
8,21510120,26510110,378.789
8,21510120,26510130,249.673
8,21510120,26510310,310.544
8,21510130,21510111,349.726
8,21510130,21510120,482.178
8,21510130,21510130,3013.46
8,21510130,21510330,434.062
8,21510130,26510110,600.475
8,21510130,26510130,416.84
8,21510130,26510310,443.642
8,21510330,21510111,185.896
8,21510330,21510120,76.0484
8,21510330,21510130,467.862
8,21510330,21510330,562.371
8,21510330,26510110,322.008
8,21510330,26510130,175.778
8,21510330,26510310,146.123
8,26510110,21510111,187.618
8,26510110,21510120,203.711
8,26510110,21510130,497.947
8,26510110,21510330,252.633
8,26510110,26510110,1574.25
8,26510110,26510130,524.481
8,26510110,26510310,304.463
8,26510130,21510111,196.983
8,26510130,21510120,208.877
8,26510130,21510130,443.535
8,26510130,21510330,195.584
8,26510130,26510110,747.728
8,26510130,26510130,936.262
8,26510130,26510310,326.529
8,26510310,21510111,209.469
8,26510310,21510120,220.826
8,26510310,21510130,399.348
8,26510310,21510330,135.628
8,26510310,26510110,363.719
8,26510310,26510130,262.16
8,26510310,26510310,601.175
9,21510111,21510111,1312.16
9,21510111,21510120,360.387
9,21510111,21510130,838.103
9,21510111,21510330,325.634
9,21510111,26510110,572.426
9,21510111,26510130,372.307
9,21510111,26510310,366.203
9,21510120,21510111,359.884
9,21510120,21510120,1217.37
9,21510120,21510130,712.229
9,21510120,21510330,252.106
9,21510120,26510110,505.36
9,21510120,26510130,333.101
9,21510120,26510310,414.312
9,21510130,21510111,466.586
9,21510130,21510120,643.297
9,21510130,21510130,4020.41
9,21510130,21510330,579.104
9,21510130,26510110,801.123
9,21510130,26510130,556.126
9,21510130,26510310,591.885
9,21510330,21510111,248.013
9,21510330,21510120,101.46
9,21510330,21510130,624.197
9,21510330,21510330,750.286
9,21510330,26510110,429.607
9,21510330,26510130,234.514
9,21510330,26510310,194.949
9,26510110,21510111,250.311
9,26510110,21510120,271.78
9,26510110,21510130,664.336
9,26510110,21510330,337.051
9,26510110,26510110,2100.28
9,26510110,26510130,699.735
9,26510110,26510310,406.198
9,26510130,21510111,262.805
9,26510130,21510120,278.673
9,26510130,21510130,591.741
9,26510130,21510330,260.938
9,26510130,26510110,997.581
9,26510130,26510130,1249.11
9,26510130,26510310,435.638
9,26510310,21510111,279.463
9,26510310,21510120,294.614
9,26510310,21510130,532.79
9,26510310,21510330,180.947
9,26510310,26510110,485.255
9,26510310,26510130,349.76
9,26510310,26510310,802.057
10,21510111,21510111,1146.5
10,21510111,21510120,314.889
10,21510111,21510130,732.295
10,21510111,21510330,284.523
10,21510111,26510110,500.159
10,21510111,26510130,325.304
10,21510111,26510310,319.971
10,21510120,21510111,314.45
10,21510120,21510120,1063.68
10,21510120,21510130,622.312
10,21510120,21510330,220.278
10,21510120,26510110,441.56
10,21510120,26510130,291.048
10,21510120,26510310,362.006
10,21510130,21510111,407.681
10,21510130,21510120,562.082
10,21510130,21510130,3512.84
10,21510130,21510330,505.993
10,21510130,26510110,699.984
10,21510130,26510130,485.917
10,21510130,26510310,517.161
10,21510330,21510111,216.702
10,21510330,21510120,88.6508
10,21510330,21510130,545.394
10,21510330,21510330,655.564
10,21510330,26510110,375.37
10,21510330,26510130,204.907
10,21510330,26510310,170.338
10,26510110,21510111,218.71
10,26510110,21510120,237.469
10,26510110,21510130,580.465
10,26510110,21510330,294.499
10,26510110,26510110,1835.13
10,26510110,26510130,611.396
10,26510110,26510310,354.917
10,26510130,21510111,229.626
10,26510130,21510120,243.492
10,26510130,21510130,517.036
10,26510130,21510330,227.995
10,26510130,26510110,871.639
10,26510130,26510130,1091.41
10,26510130,26510310,380.64
10,26510310,21510111,244.182
10,26510310,21510120,257.42
10,26510310,21510130,465.527
10,26510310,21510330,158.103
10,26510310,26510110,423.993
10,26510310,26510130,305.604
10,26510310,26510310,700.799
11,21510111,21510111,829.349
11,21510111,21510120,227.783
11,21510111,21510130,529.723
11,21510111,21510330,205.817
11,21510111,26510110,361.802
11,21510111,26510130,235.317
11,21510111,26510310,231.459
11,21510120,21510111,227.465
11,21510120,21510120,769.442
11,21510120,21510130,450.165
11,21510120,21510330,159.344
11,21510120,26510110,319.413
11,21510120,26510130,210.537
11,21510120,26510310,261.866
11,21510130,21510111,294.906
11,21510130,21510120,406.596
11,21510130,21510130,2541.1
11,21510130,21510330,366.023
11,21510130,26510110,506.35
11,21510130,26510130,351.5
11,21510130,26510310,374.101
11,21510330,21510111,156.757
11,21510330,21510120,64.1277
11,21510330,21510130,394.524
11,21510330,21510330,474.218
11,21510330,26510110,271.533
11,21510330,26510130,148.224
11,21510330,26510310,123.218
11,26510110,21510111,158.209
11,26510110,21510120,171.779
11,26510110,21510130,419.894
11,26510110,21510330,213.033
11,26510110,26510110,1327.48
11,26510110,26510130,442.268
11,26510110,26510310,256.738
11,26510130,21510111,166.106
11,26510130,21510120,176.136
11,26510130,21510130,374.01
11,26510130,21510330,164.926
11,26510130,26510110,630.521
11,26510130,26510130,789.502
11,26510130,26510310,275.345
11,26510310,21510111,176.635
11,26510310,21510120,186.211
11,26510310,21510130,336.75
11,26510310,21510330,114.368
11,26510310,26510110,306.706
11,26510310,26510130,221.066
11,26510310,26510310,506.94
12,21510111,21510111,1013.17
12,21510111,21510120,278.271
12,21510111,21510130,647.136
12,21510111,21510330,251.436
12,21510111,26510110,441.995
12,21510111,26510130,287.474
12,21510111,26510310,282.762
12,21510120,21510111,277.883
12,21510120,21510120,939.988
12,21510120,21510130,549.944
12,21510120,21510330,194.662
12,21510120,26510110,390.211
12,21510120,26510130,257.202
12,21510120,26510310,319.909
12,21510130,21510111,360.272
12,21510130,21510120,496.718
12,21510130,21510130,3104.33
12,21510130,21510330,447.152
12,21510130,26510110,618.583
12,21510130,26510130,429.41
12,21510130,26510310,457.02
12,21510330,21510111,191.502
12,21510330,21510120,78.3416
12,21510330,21510130,481.97
12,21510330,21510330,579.329
12,21510330,26510110,331.718
12,21510330,26510130,181.078
12,21510330,26510310,150.529
12,26510110,21510111,193.276
12,26510110,21510120,209.854
12,26510110,21510130,512.963
12,26510110,21510330,260.252
12,26510110,26510110,1621.72
12,26510110,26510130,540.297
12,26510110,26510310,313.644
12,26510130,21510111,202.923
12,26510130,21510120,215.176
12,26510130,21510130,456.91
12,26510130,21510330,201.482
12,26510130,26510110,770.276
12,26510130,26510130,964.494
12,26510130,26510310,336.375
12,26510310,21510111,215.786
12,26510310,21510120,227.485
12,26510310,21510130,411.39
12,26510310,21510330,139.718
12,26510310,26510110,374.687
12,26510310,26510130,270.065
12,26510310,26510310,619.303
13,21510111,21510111,1061.8
13,21510111,21510120,291.627
13,21510111,21510130,678.196
13,21510111,21510330,263.504
13,21510111,26510110,463.209
13,21510111,26510130,301.272
13,21510111,26510310,296.333
13,21510120,21510111,291.22
13,21510120,21510120,985.104
13,21510120,21510130,576.339
13,21510120,21510330,204.005
13,21510120,26510110,408.94
13,21510120,26510130,269.547
13,21510120,26510310,335.263
13,21510130,21510111,377.563
13,21510130,21510120,520.558
13,21510130,21510130,3253.33
13,21510130,21510330,468.613
13,21510130,26510110,648.272
13,21510130,26510130,450.019
13,21510130,26510310,478.956
13,21510330,21510111,200.693
13,21510330,21510120,82.1017
13,21510330,21510130,505.103
13,21510330,21510330,607.134
13,21510330,26510110,347.639
13,21510330,26510130,189.769
13,21510330,26510310,157.754
13,26510110,21510111,202.552
13,26510110,21510120,219.926
13,26510110,21510130,537.583
13,26510110,21510330,272.743
13,26510110,26510110,1699.56
13,26510110,26510130,566.228
13,26510110,26510310,328.697
13,26510130,21510111,212.663
13,26510130,21510120,225.504
13,26510130,21510130,478.839
13,26510130,21510330,211.152
13,26510130,26510110,807.246
13,26510130,26510130,1010.79
13,26510130,26510310,352.52
13,26510310,21510111,226.143
13,26510310,21510120,238.403
13,26510310,21510130,431.135
13,26510310,21510330,146.423
13,26510310,26510110,392.67
13,26510310,26510130,283.027
13,26510310,26510310,649.027
14,21510111,21510111,1083.98
14,21510111,21510120,297.717
14,21510111,21510130,692.36
14,21510111,21510330,269.007
14,21510111,26510110,472.884
14,21510111,26510130,307.564
14,21510111,26510310,302.522
14,21510120,21510111,297.302
14,21510120,21510120,1005.68
14,21510120,21510130,588.376
14,21510120,21510330,208.266
14,21510120,26510110,417.481
14,21510120,26510130,275.177
14,21510120,26510310,342.265
14,21510130,21510111,385.449
14,21510130,21510120,531.431
14,21510130,21510130,3321.28
14,21510130,21510330,478.4
14,21510130,26510110,661.812
14,21510130,26510130,459.418
14,21510130,26510310,488.959
14,21510330,21510111,204.885
14,21510330,21510120,83.8164
14,21510330,21510130,515.652
14,21510330,21510330,619.815
14,21510330,26510110,354.9
14,21510330,26510130,193.733
14,21510330,26510310,161.049
14,26510110,21510111,206.783
14,26510110,21510120,224.519
14,26510110,21510130,548.811
14,26510110,21510330,278.439
14,26510110,26510110,1735.05
14,26510110,26510130,578.055
14,26510110,26510310,335.562
14,26510130,21510111,217.104
14,26510130,21510120,230.213
14,26510130,21510130,488.84
14,26510130,21510330,215.562
14,26510130,26510110,824.106
14,26510130,26510130,1031.9
14,26510130,26510310,359.883
14,26510310,21510111,230.866
14,26510310,21510120,243.382
14,26510310,21510130,440.14
14,26510310,21510330,149.482
14,26510310,26510110,400.872
14,26510310,26510130,288.938
14,26510310,26510310,662.583
15,21510111,21510111,1068.75
15,21510111,21510120,293.535
15,21510111,21510130,682.633
15,21510111,21510330,265.228
15,21510111,26510110,466.24
15,21510111,26510130,303.243
15,21510111,26510310,298.272
15,21510120,21510111,293.125
15,21510120,21510120,991.549
15,21510120,21510130,580.109
15,21510120,21510330,205.34
15,21510120,26510110,411.615
15,21510120,26510130,271.31
15,21510120,26510310,337.457
15,21510130,21510111,380.033
15,21510130,21510120,523.964
15,21510130,21510130,3274.61
15,21510130,21510330,471.679
15,21510130,26510110,652.513
15,21510130,26510130,452.964
15,21510130,26510310,482.089
15,21510330,21510111,202.006
15,21510330,21510120,82.6388
15,21510330,21510130,508.407
15,21510330,21510330,611.106
15,21510330,26510110,349.914
15,21510330,26510130,191.011
15,21510330,26510310,158.786
15,26510110,21510111,203.878
15,26510110,21510120,221.364
15,26510110,21510130,541.1
15,26510110,21510330,274.527
15,26510110,26510110,1710.68
15,26510110,26510130,569.933
15,26510110,26510310,330.848
15,26510130,21510111,214.054
15,26510130,21510120,226.979
15,26510130,21510130,481.972
15,26510130,21510330,212.533
15,26510130,26510110,812.527
15,26510130,26510130,1017.4
15,26510130,26510310,354.826
15,26510310,21510111,227.622
15,26510310,21510120,239.963
15,26510310,21510130,433.956
15,26510310,21510330,147.381
15,26510310,26510110,395.239
15,26510310,26510130,284.879
15,26510310,26510310,653.274
16,21510111,21510111,1109.09
16,21510111,21510120,304.615
16,21510111,21510130,708.402
16,21510111,21510330,275.24
16,21510111,26510110,483.84
16,21510111,26510130,314.69
16,21510111,26510310,309.532
16,21510120,21510111,304.191
16,21510120,21510120,1028.98
16,21510120,21510130,602.008
16,21510120,21510330,213.091
16,21510120,26510110,427.154
16,21510120,26510130,281.552
16,21510120,26510310,350.195
16,21510130,21510111,394.38
16,21510130,21510120,543.744
16,21510130,21510130,3398.23
16,21510130,21510330,489.485
16,21510130,26510110,677.146
16,21510130,26510130,470.063
16,21510130,26510310,500.288
16,21510330,21510111,209.632
16,21510330,21510120,85.7584
16,21510330,21510130,527.6
16,21510330,21510330,634.175
16,21510330,26510110,363.123
16,21510330,26510130,198.222
16,21510330,26510310,164.78
16,26510110,21510111,211.574
16,26510110,21510120,229.721
16,26510110,21510130,561.527
16,26510110,21510330,284.89
16,26510110,26510110,1775.25
16,26510110,26510130,591.448
16,26510110,26510310,343.337
16,26510130,21510111,222.134
16,26510130,21510120,235.547
16,26510130,21510130,500.167
16,26510130,21510330,220.556
16,26510130,26510110,843.2
16,26510130,26510130,1055.81
16,26510130,26510310,368.221
16,26510310,21510111,236.215
16,26510310,21510120,249.021
16,26510310,21510130,450.338
16,26510310,21510330,152.945
16,26510310,26510110,410.16
16,26510310,26510130,295.633
16,26510310,26510310,677.935
17,21510111,21510111,1230.66
17,21510111,21510120,338.005
17,21510111,21510130,786.052
17,21510111,21510330,305.41
17,21510111,26510110,536.875
17,21510111,26510130,349.184
17,21510111,26510310,343.46
17,21510120,21510111,337.534
17,21510120,21510120,1141.77
17,21510120,21510130,667.996
17,21510120,21510330,236.449
17,21510120,26510110,473.975
17,21510120,26510130,312.414
17,21510120,26510310,388.581
17,21510130,21510111,437.608
17,21510130,21510120,603.345
17,21510130,21510130,3770.72
17,21510130,21510330,543.138
17,21510130,26510110,751.369
17,21510130,26510130,521.588
17,21510130,26510310,555.126
17,21510330,21510111,232.61
17,21510330,21510120,95.1586
17,21510330,21510130,585.431
17,21510330,21510330,703.689
17,21510330,26510110,402.926
17,21510330,26510130,219.949
17,21510330,26510310,182.842
17,26510110,21510111,234.765
17,26510110,21510120,254.901
17,26510110,21510130,623.077
17,26510110,21510330,316.118
17,26510110,26510110,1969.84
17,26510110,26510130,656.278
17,26510110,26510310,380.971
17,26510130,21510111,246.483
17,26510130,21510120,261.366
17,26510130,21510130,554.991
17,26510130,21510330,244.732
17,26510130,26510110,935.625
17,26510130,26510130,1171.54
17,26510130,26510310,408.583
17,26510310,21510111,262.107
17,26510310,21510120,276.317
17,26510310,21510130,499.701
17,26510310,21510330,169.71
17,26510310,26510110,455.118
17,26510310,26510130,328.038
17,26510310,26510310,752.245
18,21510111,21510111,1302.54
18,21510111,21510120,357.745
18,21510111,21510130,831.959
18,21510111,21510330,323.247
18,21510111,26510110,568.23
18,21510111,26510130,369.577
18,21510111,26510310,363.519
18,21510120,21510111,357.246
18,21510120,21510120,1208.45
18,21510120,21510130,707.008
18,21510120,21510330,250.258
18,21510120,26510110,501.656
18,21510120,26510130,330.659
18,21510120,26510310,411.275
18,21510130,21510111,463.166
18,21510130,21510120,638.581
18,21510130,21510130,3990.94
18,21510130,21510330,574.859
18,21510130,26510110,795.251
18,21510130,26510130,552.049
18,21510130,26510310,587.546
18,21510330,21510111,246.195
18,21510330,21510120,100.716
18,21510330,21510130,619.621
18,21510330,21510330,744.786
18,21510330,26510110,426.457
18,21510330,26510130,232.795
18,21510330,26510310,193.52
18,26510110,21510111,248.476
18,26510110,21510120,269.788
18,26510110,21510130,659.466
18,26510110,21510330,334.58
18,26510110,26510110,2084.89
18,26510110,26510130,694.606
18,26510110,26510310,403.221
18,26510130,21510111,260.878
18,26510130,21510120,276.631
18,26510130,21510130,587.404
18,26510130,21510330,259.025
18,26510130,26510110,990.268
18,26510130,26510130,1239.96
18,26510130,26510310,432.445
18,26510310,21510111,277.415
18,26510310,21510120,292.454
18,26510310,21510130,528.884
18,26510310,21510330,179.621
18,26510310,26510110,481.698
18,26510310,26510130,347.196
18,26510310,26510310,796.177
19,21510111,21510111,1254.71
19,21510111,21510120,344.61
19,21510111,21510130,801.411
19,21510111,21510330,311.378
19,21510111,26510110,547.365
19,21510111,26510130,356.007
19,21510111,26510310,350.171
19,21510120,21510111,344.129
19,21510120,21510120,1164.08
19,21510120,21510130,681.048
19,21510120,21510330,241.069
19,21510120,26510110,483.236
19,21510120,26510130,318.518
19,21510120,26510310,396.174
19,21510130,21510111,446.159
19,21510130,21510120,615.134
19,21510130,21510130,3844.4
19,21510130,21510330,553.751
19,21510130,26510110,766.051
19,21510130,26510130,531.779
19,21510130,26510310,565.973
19,21510330,21510111,237.155
19,21510330,21510120,97.018
19,21510330,21510130,596.87
19,21510330,21510330,717.439
19,21510330,26510110,410.799
19,21510330,26510130,224.247
19,21510330,26510310,186.415
19,26510110,21510111,239.352
19,26510110,21510120,259.882
19,26510110,21510130,635.252
19,26510110,21510330,322.295
19,26510110,26510110,2008.33
19,26510110,26510130,669.101
19,26510110,26510310,388.415
19,26510130,21510111,251.299
19,26510130,21510120,266.473
19,26510130,21510130,565.835
19,26510130,21510330,249.514
19,26510130,26510110,953.907
19,26510130,26510130,1194.43
19,26510130,26510310,416.566
19,26510310,21510111,267.229
19,26510310,21510120,281.716
19,26510310,21510130,509.465
19,26510310,21510330,173.026
19,26510310,26510110,464.011
19,26510310,26510130,334.448
19,26510310,26510310,766.943
20,21510111,21510111,1073.56
20,21510111,21510120,294.855
20,21510111,21510130,685.705
20,21510111,21510330,266.421
20,21510111,26510110,468.338
20,21510111,26510130,304.608
20,21510111,26510310,299.614
20,21510120,21510111,294.444
20,21510120,21510120,996.011
20,21510120,21510130,582.72
20,21510120,21510330,206.264
20,21510120,26510110,413.467
20,21510120,26510130,272.531
20,21510120,26510310,338.975
20,21510130,21510111,381.743
20,21510130,21510120,526.322
20,21510130,21510130,3289.35
20,21510130,21510330,473.801
20,21510130,26510110,655.45
20,21510130,26510130,455.002
20,21510130,26510310,484.258
20,21510330,21510111,202.915
20,21510330,21510120,83.0107
20,21510330,21510130,510.695
20,21510330,21510330,613.856
20,21510330,26510110,351.488
20,21510330,26510130,191.87
20,21510330,26510310,159.5
20,26510110,21510111,204.795
20,26510110,21510120,222.361
20,26510110,21510130,543.535
20,26510110,21510330,275.762
20,26510110,26510110,1718.37
20,26510110,26510130,572.498
20,26510110,26510310,332.337
20,26510130,21510111,215.017
20,26510130,21510120,228
20,26510130,21510130,484.141
20,26510130,21510330,213.49
20,26510130,26510110,816.184
20,26510130,26510130,1021.98
20,26510130,26510310,356.423
20,26510310,21510111,228.647
20,26510310,21510120,241.042
20,26510310,21510130,435.909
20,26510310,21510330,148.045
20,26510310,26510110,397.018
20,26510310,26510130,286.161
20,26510310,26510310,656.213
21,21510111,21510111,763.888
21,21510111,21510120,209.804
21,21510111,21510130,487.912
21,21510111,21510330,189.572
21,21510111,26510110,333.245
21,21510111,26510130,216.743
21,21510111,26510310,213.19
21,21510120,21510111,209.511
21,21510120,21510120,708.71
21,21510120,21510130,414.633
21,21510120,21510330,146.767
21,21510120,26510110,294.202
21,21510120,26510130,193.919
21,21510120,26510310,241.197
21,21510130,21510111,271.629
21,21510130,21510120,374.503
21,21510130,21510130,2340.53
21,21510130,21510330,337.132
21,21510130,26510110,466.384
21,21510130,26510130,323.756
21,21510130,26510310,344.573
21,21510330,21510111,144.384
21,21510330,21510120,59.0661
21,21510330,21510130,363.384
21,21510330,21510330,436.788
21,21510330,26510110,250.101
21,21510330,26510130,136.525
21,21510330,26510310,113.492
21,26510110,21510111,145.721
21,26510110,21510120,158.22
21,26510110,21510130,386.751
21,26510110,21510330,196.218
21,26510110,26510110,1222.71
21,26510110,26510130,407.36
21,26510110,26510310,236.473
21,26510130,21510111,152.995
21,26510130,21510120,162.233
21,26510130,21510130,344.49
21,26510130,21510330,151.908
21,26510130,26510110,580.754
21,26510130,26510130,727.186
21,26510130,26510310,253.612
21,26510310,21510111,162.693
21,26510310,21510120,171.513
21,26510310,21510130,310.17
21,26510310,21510330,105.341
21,26510310,26510110,282.497
21,26510310,26510130,203.617
21,26510310,26510310,466.927
22,21510111,21510111,770.301
22,21510111,21510120,211.565
22,21510111,21510130,492.008
22,21510111,21510330,191.163
22,21510111,26510110,336.042
22,21510111,26510130,218.562
22,21510111,26510310,214.979
22,21510120,21510111,211.27
22,21510120,21510120,714.659
22,21510120,21510130,418.114
22,21510120,21510330,147.999
22,21510120,26510110,296.672
22,21510120,26510130,195.547
22,21510120,26510310,243.222
22,21510130,21510111,273.909
22,21510130,21510120,377.647
22,21510130,21510130,2360.18
22,21510130,21510330,339.962
22,21510130,26510110,470.299
22,21510130,26510130,326.474
22,21510130,26510310,347.466
22,21510330,21510111,145.596
22,21510330,21510120,59.5619
22,21510330,21510130,366.434
22,21510330,21510330,440.455
22,21510330,26510110,252.2
22,21510330,26510130,137.671
22,21510330,26510310,114.445
22,26510110,21510111,146.945
22,26510110,21510120,159.548
22,26510110,21510130,389.998
22,26510110,21510330,197.865
22,26510110,26510110,1232.97
22,26510110,26510130,410.779
22,26510110,26510310,238.459
22,26510130,21510111,154.279
22,26510130,21510120,163.595
22,26510130,21510130,347.381
22,26510130,21510330,153.183
22,26510130,26510110,585.629
22,26510130,26510130,733.29
22,26510130,26510310,255.741
22,26510310,21510111,164.059
22,26510310,21510120,172.953
22,26510310,21510130,312.774
22,26510310,21510330,106.225
22,26510310,26510110,284.869
22,26510310,26510130,205.326
22,26510310,26510310,470.847
23,21510111,21510111,592.888
23,21510111,21510120,162.838
23,21510111,21510130,378.691
23,21510111,21510330,147.135
23,21510111,26510110,258.646
23,21510111,26510130,168.224
23,21510111,26510310,165.466
23,21510120,21510111,162.611
23,21510120,21510120,550.062
23,21510120,21510130,321.816
23,21510120,21510330,113.912
23,21510120,26510110,228.343
23,21510120,26510130,150.509
23,21510120,26510310,187.204
23,21510130,21510111,210.823
23,21510130,21510120,290.669
23,21510130,21510130,1816.59
23,21510130,21510330,261.664
23,21510130,26510110,361.982
23,21510130,26510130,251.282
23,21510130,26510310,267.439
23,21510330,21510111,112.063
23,21510330,21510120,45.8439
23,21510330,21510130,282.039
23,21510330,21510330,339.011
23,21510330,26510110,194.115
23,21510330,26510130,105.963
23,21510330,26510310,88.0865
23,26510110,21510111,113.101
23,26510110,21510120,122.802
23,26510110,21510130,300.175
23,26510110,21510330,152.294
23,26510110,26510110,948.998
23,26510110,26510130,316.17
23,26510110,26510310,183.538
23,26510130,21510111,118.746
23,26510130,21510120,125.917
23,26510130,21510130,267.374
23,26510130,21510330,117.903
23,26510130,26510110,450.75
23,26510130,26510130,564.402
23,26510130,26510310,196.84
23,26510310,21510111,126.273
23,26510310,21510120,133.119
23,26510310,21510130,240.737
23,26510310,21510330,81.7598
23,26510310,26510110,219.259
23,26510310,26510130,158.037
23,26510310,26510310,362.404
