dtct_nmbr,stat_dt,syst_kind_dvsn,tfvl,avrg_sped,avrg_ocpy_rate,avrg_hdwy,avrg_lngt
00100001,20220601090000,1,483,54,4.693333333,,4.7
00100001,20220601020000,1,111,51.33333333,3.15,,3.166666667
00100001,20220601140000,1,1197,46.66666667,10.33666667,,10.36666667
00100001,20220601160000,1,1486,43,12.07,,12.06666667
00100001,20220601170000,1,1379,43,12.6,,12.6
00100001,20220601060000,1,190,55,3.4,,3.4
00100001,20220601230000,1,462,46,7.516666667,,7.566666667
00100001,20220601150000,1,1411,45.66666667,11.08,,11.1
00100001,20220601210000,1,1032,41.33333333,11.19333333,,11.2
00100001,20220601220000,1,777,43.33333333,9.716666667,,9.733333333
00100001,20220601190000,1,1314,44.33333333,11.3,,11.3
00100001,20220601200000,1,1088,44.66666667,8.89,,8.9
00100001,20220601040000,1,79,53.33333333,2.316666667,,2.333333333
00100001,20220601050000,1,99,53,2.766666667,,2.766666667
00100001,20220601010000,1,199,51.66666667,3.82,,3.866666667
00100001,20220601120000,1,1063,48.66666667,8.803333333,,8.8
00100001,20220601070000,1,402,56.66666667,4.46,,4.466666667
00100001,20220601130000,1,1104,48.66666667,9.226666667,,9.266666667
00100001,20220601110000,1,923,50,7.603333333,,7.633333333
00100001,20220601180000,1,1423,40.33333333,12.76666667,,12.8
00100001,20220601080000,1,422,54.66666667,4.32,,4.333333333
00100001,20220601000000,1,336,49,6,,6
00100001,20220601030000,1,95,56,2.736666667,,2.733333333
00100001,20220601100000,1,617,53,5.116666667,,5.133333333
00100001,20220602210000,1,770,44,9.47,,9.5
00100001,20220602000000,1,268,50,5.306666667,,5.333333333
00100001,20220602060000,1,235,54.66666667,3.77,,3.8
00100001,20220602230000,1,470,46.66666667,7.07,,7.1
00100001,20220602070000,1,663,53,5.666666667,,5.666666667
00100001,20220602120000,1,904,51.66666667,7.923333333,,7.933333333
00100001,20220602100000,1,737,50.66666667,6.656666667,,6.666666667
00100001,20220602170000,1,1027,47,9.783333333,,9.8
00100001,20220602180000,1,1300,45.33333333,10.80666667,,10.83333333
00100001,20220602200000,1,1277,45,10.40666667,,10.43333333
00100001,20220602050000,1,91,51.66666667,2.74,,2.733333333
00100001,20220602090000,1,1066,42.33333333,11.77333333,,11.76666667
00100001,20220602140000,1,1028,48.33333333,9.77,,9.766666667
00100001,20220602220000,1,637,45,8.073333333,,8.1
00100001,20220602080000,1,721,54,6.263333333,,6.233333333
00100001,20220602110000,1,806,50.66666667,7.766666667,,7.766666667
00100001,20220602130000,1,800,49.33333333,8.09,,8.1
00100001,20220602150000,1,944,47.66666667,9.366666667,,9.4
00100001,20220602010000,1,151,51,3.8,,3.833333333
00100001,20220602160000,1,993,46.66666667,10.41333333,,10.43333333
00100001,20220602020000,1,85,53,3.12,,3.133333333
00100001,20220602030000,1,50,52.33333333,2.05,,2.033333333
00100001,20220602040000,1,75,52.33333333,2.153333333,,2.133333333
00100001,20220602190000,1,1526,41.66666667,11.53,,11.56666667
00100001,20220604130000,1,1090,47.66666667,9.33,,9.333333333
00100001,20220604000000,1,343,47.33333333,6.586666667,,6.6
00100001,20220604220000,1,925,42.33333333,11.37333333,,11.4
00100001,20220604210000,1,1092,40.33333333,11.91333333,,11.93333333
00100001,20220604090000,1,570,53,4.95,,4.933333333
00100001,20220604160000,1,1313,43,11.82,,11.83333333
00100001,20220604050000,1,80,49.66666667,2.57,,2.566666667
00100001,20220604110000,1,934,45,9.553333333,,9.566666667
00100001,20220604040000,1,76,52.33333333,2.81,,2.833333333
00100001,20220604070000,1,504,55,4.816666667,,4.833333333
00100001,20220604230000,1,638,45,9.223333333,,9.233333333
00100001,20220604120000,1,1043,48.33333333,9.243333333,,9.266666667
00100001,20220604080000,1,429,53.66666667,4.633333333,,4.633333333
00100001,20220604180000,1,1303,39,11.99,,12.03333333
00100001,20220604190000,1,1396,41.66666667,12.32,,12.3
00100001,20220604140000,1,1150,46,10.36666667,,10.36666667
00100001,20220604100000,1,848,51.66666667,6.613333333,,6.633333333
00100001,20220604020000,1,118,52.33333333,3.093333333,,3.1
00100001,20220604200000,1,1235,40.33333333,11.33,,11.36666667
00100001,20220604030000,1,92,50.33333333,3.02,,3.033333333
00100001,20220604150000,1,1321,43.33333333,11.38333333,,11.4
00100001,20220604010000,1,210,49.33333333,4.173333333,,4.166666667
00100001,20220604060000,1,199,55.33333333,3.153333333,,3.166666667
00100001,20220604170000,1,1341,42,12.16333333,,12.2
00100001,20220605010000,1,231,49.66666667,4.653333333,,4.666666667
00100001,20220605120000,1,898,48.33333333,8.46,,8.466666667
00100001,20220605130000,1,1018,45.66666667,9.103333333,,9.133333333
00100001,20220605140000,1,1207,41.33333333,11.36333333,,11.36666667
00100001,20220605090000,1,355,54.66666667,3.68,,3.666666667
00100001,20220605150000,1,1466,32.33333333,14.92333333,,14.96666667
00100001,20220605185900,1,1726,29.66666667,16.42333333,,16.43333333
00100001,20220605040000,1,65,53.66666667,2.46,,2.466666667
00100001,20220605100000,1,499,52,4.906666667,,4.933333333
00100001,20220605000000,1,390,48,6.086666667,,6.133333333
00100001,20220605215900,1,697,43.66666667,9.713333333,,9.7
00100001,20220605060000,1,112,53,2.55,,2.566666667
00100001,20220605070000,1,229,53.33333333,3.07,,3.1
00100001,20220605160000,1,1483,29.66666667,16.26,,16.26666667
00100001,20220605080000,1,265,53.33333333,3.596666667,,3.6
00100001,20220605165900,1,1391,30.66666667,14.78666667,,14.8
00100001,20220605020000,1,152,52.33333333,3.62,,3.633333333
00100001,20220605050000,1,50,53.33333333,1.933333333,,1.933333333
00100001,20220605110000,1,737,50,7.44,,7.466666667
00100001,20220605030000,1,77,50.33333333,2.673333333,,2.666666667
00100001,20220605230000,1,398,45,8.09,,8.1
00100001,20220605195900,1,1383,31.33333333,16.53666667,,16.56666667
00100001,20220605205900,1,1280,40.66666667,12.14,,12.16666667
00100001,20220605175900,1,1870,26.66666667,17.57,,17.6
00100001,20220606100000,1,583,52,5.783333333,,5.8
00100001,20220606130000,1,1215,46,10.47,,10.46666667
00100001,20220606140000,1,1539,43.33333333,11.84666667,,11.9
00100001,20220606090000,1,385,53,4.263333333,,4.3
00100001,20220606200000,1,1089,44.33333333,9.366666667,,9.4
00100001,20220606070000,1,353,54.66666667,4.25,,4.266666667
00100001,20220606170000,1,1533,39,14.75,,14.76666667
00100001,20220606080000,1,278,53.66666667,3.46,,3.466666667
00100001,20220606230000,1,491,46,7.963333333,,7.966666667
00100001,20220606180000,1,1731,35.33333333,14.89,,14.9
00100001,20220606060000,1,157,53,3.25,,3.233333333
00100001,20220606220000,1,740,43,10.25666667,,10.3
00100001,20220606020000,1,130,53.66666667,2.786666667,,2.8
00100001,20220606000000,1,323,48,6.15,,6.166666667
00100001,20220606110000,1,848,49.66666667,7.583333333,,7.6
00100001,20220606210000,1,1024,41,11.44666667,,11.43333333
00100001,20220606050000,1,76,50,2.536666667,,2.5
00100001,20220606120000,1,1104,46,9.11,,9.133333333
00100001,20220606150000,1,1655,41.66666667,13.44666667,,13.43333333
00100001,20220606190000,1,1485,41.66666667,12.12,,12.13333333
00100001,20220606040000,1,65,52,2.083333333,,2.1
00100001,20220606160000,1,1433,42.66666667,13.23,,13.26666667
00100001,20220606010000,1,214,49.33333333,4.243333333,,4.233333333
00100001,20220606030000,1,67,51.66666667,2.576666667,,2.566666667
00100001,20220608000000,1,230,52.33333333,3.91,,3.933333333
00100001,20220608050000,1,75,54.33333333,2.946666667,,3
00100001,20220608060000,1,207,54.66666667,3.156666667,,3.166666667
00100001,20220608220000,1,717,44.66666667,8.876666667,,8.866666667
00100001,20220608030000,1,66,53.66666667,2.08,,2.1
00100001,20220608140000,1,1058,48,9.386666667,,9.4
00100001,20220608160000,1,992,47,10.11333333,,10.13333333
00100001,20220608090000,1,925,52,7.223333333,,7.266666667
00100001,20220608110000,1,848,51.33333333,8.483333333,,8.5
00100001,20220608120000,1,817,51.66666667,7.976666667,,8.033333333
00100001,20220608040000,1,47,48.66666667,2.233333333,,2.233333333
00100001,20220608210000,1,766,43.66666667,9.01,,9
00100001,20220608200000,1,1229,45.33333333,9.86,,9.866666667
00100001,20220608230000,1,461,47,7.03,,7.066666667
00100001,20220608020000,1,64,51.66666667,2.346666667,,2.366666667
00100001,20220608130000,1,882,49,8.43,,8.466666667
00100001,20220608100000,1,769,52,7.416666667,,7.433333333
00100001,20220608180000,1,1344,44,11.40333333,,11.43333333
00100001,20220608150000,1,909,48,9.366666667,,9.366666667
00100001,20220608010000,1,151,53,3.24,,3.266666667
00100001,20220608170000,1,1016,47.33333333,9.783333333,,9.766666667
00100001,20220608080000,1,651,52.33333333,5.8,,5.833333333
00100001,20220608070000,1,716,55,5.586666667,,5.566666667
00100001,20220608190000,1,1563,44,11.72666667,,11.8
00100001,20220609000000,1,270,49.66666667,5.39,,5.433333333
00100001,20220609020000,1,97,54.66666667,2.606666667,,2.633333333
00100001,20220609120000,1,704,51.33333333,7.146666667,,7.166666667
00100001,20220609060000,1,200,54.33333333,3.306666667,,3.3
00100001,20220609090000,1,964,51.33333333,7.343333333,,7.366666667
00100001,20220609160000,1,949,47.66666667,9.446666667,,9.5
00100001,20220609190000,1,1606,41,12.16666667,,12.2
00100001,20220609010000,1,167,52,3.376666667,,3.366666667
00100001,20220609130000,1,871,49.66666667,8.253333333,,8.3
00100001,20220609170000,1,1121,46.33333333,10.1,,10.1
00100001,20220609040000,1,60,53.33333333,2.44,,2.466666667
00100001,20220609200000,1,1297,47.66666667,9.38,,9.4
00100001,20220609210000,1,882,44.33333333,9.933333333,,9.933333333
00100001,20220609100000,1,833,50.66666667,7.546666667,,7.566666667
00100001,20220609140000,1,906,47.33333333,9.286666667,,9.3
00100001,20220609180000,1,1400,45,10.82,,10.83333333
00100001,20220609110000,1,872,51,7.936666667,,7.933333333
00100001,20220609230000,1,553,47.33333333,7.526666667,,7.533333333
00100001,20220609150000,1,997,47.66666667,9.753333333,,9.8
00100001,20220609030000,1,59,51,2.373333333,,2.366666667
00100001,20220609070000,1,611,54.33333333,4.996666667,,4.966666667
00100001,20220609220000,1,777,43.66666667,9.7,,9.7
00100001,20220609080000,1,697,53.66666667,6.046666667,,6.066666667
00100001,20220609050000,1,60,53.66666667,1.996666667,,2.033333333
00100001,20220610050000,1,79,52.33333333,2.49,,2.5
00100001,20220610030000,1,61,57.33333333,2.363333333,,2.4
00100001,20220610090000,1,976,51.66666667,7.29,,7.333333333
00100001,20220610070000,1,676,53.33333333,5.283333333,,5.3
00100001,20220610225900,1,578,45.66666667,7.906666667,,7.933333333
00100001,20220610180000,1,1561,41.66666667,12.06,,12.06666667
00100001,20220610205900,1,916,43.66666667,9.813333333,,9.833333333
00100001,20220610120000,1,781,51,7.823333333,,7.833333333
00100001,20220610130000,1,905,49.66666667,8.223333333,,8.266666667
00100001,20220610000000,1,259,51,5.01,,5.033333333
00100001,20220610040000,1,71,55,2.423333333,,2.466666667
00100001,20220610060000,1,182,54,3.233333333,,3.233333333
00100001,20220610010000,1,167,52.33333333,3.376666667,,3.433333333
00100001,20220610190000,1,1657,38.33333333,13.79333333,,13.8
00100001,20220610215900,1,826,45.66666667,8.97,,8.966666667
00100001,20220610170000,1,1416,45,11.53333333,,11.53333333
00100001,20220610140000,1,1053,47.66666667,9.42,,9.466666667
00100001,20220610080000,1,669,53.66666667,5.603333333,,5.633333333
00100001,20220610160000,1,1153,47.33333333,10.13,,10.16666667
00100001,20220610200000,1,1409,43,11.33666667,,11.33333333
00100001,20220610110000,1,818,51.33333333,7.433333333,,7.433333333
00100001,20220610100000,1,872,52.66666667,6.623333333,,6.666666667
00100001,20220610020000,1,92,50.66666667,2.733333333,,2.766666667
00100001,20220610150000,1,1086,47.66666667,9.743333333,,9.766666667
00100001,20220611050000,1,52,50.33333333,2.75,,2.766666667
00100001,20220611080000,1,401,54.66666667,4.15,,4.2
00100001,20220611160000,1,1174,44,10.81666667,,10.8
00100001,20220611180000,1,1330,42.66666667,11.32,,11.33333333
00100001,20220611060000,1,688,45.66666667,7.343333333,,7.333333333
00100001,20220611020000,1,596,49.33333333,6.076666667,,6.1
00100001,20220611000000,1,181,53.66666667,3.766666667,,3.8
00100001,20220611100000,1,374,49,4.693333333,,4.7
00100001,20220611070000,1,518,52,5.293333333,,5.3
00100001,20220611210000,1,777,49.33333333,7.47,,7.5
00100001,20220611220000,1,839,46.33333333,8.523333333,,8.566666667
00100001,20220611130000,1,1054,44.33333333,10.79666667,,10.8
00100001,20220611120000,1,1001,45.66666667,9.966666667,,9.933333333
00100001,20220611230000,1,942,47,9.31,,9.333333333
00100001,20220611140000,1,932,47.66666667,9.4,,9.433333333
00100001,20220611170000,1,1226,44,11.45333333,,11.46666667
00100001,20220611010000,1,909,46.66666667,8.93,,8.966666667
00100001,20220611030000,1,154,51.66666667,3.523333333,,3.533333333
00100001,20220611090000,1,230,51,3.223333333,,3.233333333
00100001,20220611150000,1,841,50.66666667,7.686666667,,7.7
00100001,20220611190000,1,1235,43.66666667,10.29,,10.3
00100001,20220611200000,1,1095,45.33333333,9.373333333,,9.366666667
00100001,20220611040000,1,57,53.66666667,2.053333333,,2.1
00100001,20220611110000,1,1060,50,8.743333333,,8.733333333
00100001,20220612000000,1,361,48,7.33,,7.366666667
00100001,20220612010000,1,243,50.33333333,4.353333333,,4.366666667
00100001,20220612020000,1,142,54.33333333,2.886666667,,2.933333333
00100001,20220612030000,1,91,52.66666667,2.836666667,,2.866666667
00100001,20220612100000,1,525,53.66666667,4.723333333,,4.733333333
00100001,20220612140000,1,1206,44.33333333,10.74,,10.73333333
00100001,20220612070000,1,199,58,2.506666667,,2.533333333
00100001,20220612080000,1,253,56,3.216666667,,3.2
00100001,20220612160000,1,1455,38,14.13,,14.13333333
00100001,20220612190000,1,1282,42.66666667,11.25666667,,11.3
00100001,20220612210000,1,983,41.66666667,10.73,,10.73333333
00100001,20220612090000,1,367,55,3.92,,3.933333333
00100001,20220612220000,1,727,42.33333333,10.77,,10.8
00100001,20220612170000,1,1375,39,13.29333333,,13.3
00100001,20220612180000,1,1470,41.66666667,11.96333333,,11.96666667
00100001,20220612050000,1,75,49.66666667,2.416666667,,2.433333333
00100001,20220612120000,1,848,49.33333333,7.633333333,,7.666666667
00100001,20220612130000,1,1084,47.33333333,9.106666667,,9.1
00100001,20220612150000,1,1403,42.33333333,11.96666667,,12
00100001,20220612200000,1,1235,42.66666667,11.18333333,,11.2
00100001,20220612230000,1,443,47.66666667,6.276666667,,6.3
00100001,20220612040000,1,64,52.66666667,2.163333333,,2.166666667
00100001,20220612110000,1,671,51.66666667,6.79,,6.8
00100001,20220612060000,1,107,53.66666667,2.303333333,,2.3
00100001,20220613030000,1,65,50.66666667,2.35,,2.366666667
00100001,20220613140000,1,1008,46.66666667,9.143333333,,9.133333333
00100001,20220613110000,1,754,50.33333333,7.336666667,,7.333333333
00100001,20220613200000,1,1243,46.66666667,9.06,,9.1
00100001,20220613210000,1,857,44.33333333,9.38,,9.4
00100001,20220613010000,1,167,50,3.24,,3.266666667
00100001,20220613190000,1,1679,42,12.37666667,,12.36666667
00100001,20220613120000,1,748,50,7.173333333,,7.166666667
00100001,20220613080000,1,743,52.33333333,6.373333333,,6.4
00100001,20220613170000,1,1110,47.33333333,9.893333333,,9.9
00100001,20220613130000,1,911,48,8.253333333,,8.266666667
00100001,20220613150000,1,1041,46.66666667,8.96,,8.966666667
00100001,20220613160000,1,1020,47,9.95,,9.966666667
00100001,20220613220000,1,731,44.66666667,9.373333333,,9.366666667
00100001,20220613020000,1,86,54.33333333,2.41,,2.4
00100001,20220613070000,1,658,53,6.37,,6.4
00100001,20220613050000,1,88,52,2.546666667,,2.533333333
00100001,20220613040000,1,46,50,2.613333333,,2.633333333
00100001,20220613000000,1,300,50.66666667,4.766666667,,4.766666667
00100001,20220613100000,1,874,51.66666667,6.8,,6.8
00100001,20220613060000,1,226,54,3.586666667,,3.633333333
00100001,20220613090000,1,1006,51,7.863333333,,7.9
00100001,20220613180000,1,1503,42.66666667,12.03666667,,12.06666667
00100001,20220613230000,1,368,47,6.666666667,,6.666666667
00100001,20220614020000,1,92,51,2.636666667,,2.633333333
00100001,20220614150000,1,1069,45.33333333,10.24333333,,10.26666667
00100001,20220614230000,1,483,46.33333333,7.06,,7.1
00100001,20220614000000,1,227,50.33333333,5.336666667,,5.366666667
00100001,20220614010000,1,141,51.33333333,3.09,,3.066666667
00100001,20220614110000,1,827,49.66666667,8.6,,8.6
00100001,20220614080000,1,754,51.33333333,6.503333333,,6.533333333
00100001,20220614170000,1,1161,46,9.98,,10
00100001,20220614140000,1,976,44.66666667,9.336666667,,9.366666667
00100001,20220614030000,1,59,51.66666667,2.836666667,,2.833333333
00100001,20220614070000,1,631,53,6.04,,6.033333333
00100001,20220614120000,1,675,51,7.623333333,,7.666666667
00100001,20220614050000,1,64,54.33333333,2.716666667,,2.7
00100001,20220614090000,1,1081,50,7.766666667,,7.8
00100001,20220614180000,1,1295,44.33333333,10.96,,11
00100001,20220614040000,1,68,53.33333333,2.4,,2.433333333
00100001,20220614210000,1,927,44,9.436666667,,9.466666667
00100001,20220614220000,1,604,44,8.096666667,,8.133333333
00100001,20220614130000,1,905,47.66666667,9.113333333,,9.133333333
00100001,20220614190000,1,1564,41,13.09,,13.13333333
00100001,20220614100000,1,825,51.66666667,7.583333333,,7.6
00100001,20220614060000,1,192,54.33333333,3.55,,3.6
00100001,20220614160000,1,993,44.66666667,10.99333333,,11
00100001,20220614200000,1,1223,46,9.173333333,,9.2
00100001,20220615090000,1,1130,47.33333333,8.53,,8.566666667
00100001,20220615030000,1,69,49.66666667,2.35,,2.366666667
00100001,20220615170000,1,1177,45.33333333,11.57666667,,11.6
00100001,20220615000000,1,250,47.66666667,5.433333333,,5.466666667
00100001,20220615020000,1,69,47,3.386666667,,3.366666667
00100001,20220615010000,1,165,49,4.04,,4.033333333
00100001,20220615200000,1,1236,46.33333333,9.036666667,,9.033333333
00100001,20220615225900,1,490,46.33333333,7.566666667,,7.566666667
00100001,20220615050000,1,61,48,2.98,,3
00100001,20220615070000,1,615,51.33333333,5.786666667,,5.8
00100001,20220615120000,1,756,50.33333333,7.673333333,,7.7
00100001,20220615100000,1,881,47.66666667,8.386666667,,8.4
00100001,20220615130000,1,892,47,8.92,,8.933333333
00100001,20220615150000,1,1079,48.33333333,9.103333333,,9.133333333
00100001,20220615080000,1,688,51,6.06,,6.066666667
00100001,20220615110000,1,771,49,8.203333333,,8.233333333
00100001,20220615160000,1,1095,47.66666667,9.433333333,,9.433333333
00100001,20220615140000,1,1243,47,9.99,,10
00100001,20220615180000,1,1395,44.33333333,11.3,,11.33333333
00100001,20220615190000,1,1462,44.66666667,11.91,,11.93333333
00100001,20220615215900,1,726,44,9.096666667,,9.1
00100001,20220615210000,1,856,44.66666667,8.926666667,,8.966666667
00100001,20220615040000,1,61,49,2.706666667,,2.733333333
00100001,20220615060000,1,203,49,3.82,,3.833333333
00100001,20220618030000,1,71,51,2.596666667,,2.633333333
00100001,20220618130000,1,1155,47,9.836666667,,9.833333333
00100001,20220618000000,1,305,47.33333333,6.02,,6.033333333
00100001,20220618040000,1,229,53.33333333,3.32,,3.3
00100001,20220618070000,1,336,53,3.846666667,,3.866666667
00100001,20220618110000,1,959,49.66666667,8.69,,8.7
00100001,20220618200000,1,1267,43.33333333,10.98333333,,11
00100001,20220618210000,1,1055,41.33333333,10.94333333,,10.96666667
00100001,20220618060000,1,175,54.33333333,3.123333333,,3.133333333
00100001,20220618090000,1,613,53.33333333,5.6,,5.633333333
00100001,20220618100000,1,876,50,7.213333333,,7.233333333
00100001,20220618080000,1,470,53.66666667,4.683333333,,4.7
00100001,20220618140000,1,1362,43.66666667,11.17333333,,11.16666667
00100001,20220618050000,1,78,52.33333333,2.68,,2.7
00100001,20220618160000,1,1449,39,12.94666667,,13
00100001,20220618170000,1,1356,42.66666667,11.89333333,,11.9
00100001,20220618180000,1,1499,39.33333333,13.76333333,,13.8
00100001,20220618010000,1,211,50.33333333,4.303333333,,4.3
00100001,20220618020000,1,130,54.33333333,2.983333333,,3
00100001,20220618190000,1,1427,41.66666667,12.04,,12.06666667
00100001,20220618230000,1,590,44.33333333,8.526666667,,8.533333333
00100001,20220618120000,1,1053,48.66666667,8.52,,8.533333333
00100001,20220618150000,1,1416,45,10.59,,10.6
00100001,20220618220000,1,902,41.33333333,11.75333333,,11.76666667
00100001,20220619210000,1,1059,41.33333333,11.03333333,,11.03333333
00100001,20220619080000,1,244,54,2.89,,2.9
00100001,20220619090000,1,359,55.33333333,4.016666667,,4
00100001,20220619220000,1,705,44.66666667,9.74,,9.766666667
00100001,20220619230000,1,457,46,7.376666667,,7.4
00100001,20220619150000,1,1534,40.66666667,12.61333333,,12.63333333
00100001,20220619170000,1,1413,44,10.72666667,,10.73333333
00100001,20220619070000,1,230,58,2.886666667,,2.9
00100001,20220619040000,1,77,51.66666667,2.363333333,,2.366666667
00100001,20220619180000,1,1725,34.33333333,15.62666667,,15.63333333
00100001,20220619190000,1,1453,40.66666667,11.35,,11.36666667
00100001,20220619010000,1,240,49.33333333,4.136666667,,4.133333333
00100001,20220619110000,1,917,51,7.55,,7.566666667
00100001,20220619120000,1,937,48.33333333,7.883333333,,7.866666667
00100001,20220619020000,1,153,52,3.116666667,,3.133333333
00100001,20220619030000,1,80,51.33333333,2.78,,2.8
00100001,20220619100000,1,632,53.33333333,5.226666667,,5.233333333
00100001,20220619160000,1,1676,37.33333333,14.90333333,,14.93333333
00100001,20220619130000,1,1224,47.33333333,9.913333333,,9.9
00100001,20220619200000,1,1324,42.66666667,11.05,,11.06666667
00100001,20220619000000,1,395,48.33333333,5.75,,5.8
00100001,20220619050000,1,57,52.33333333,2.356666667,,2.366666667
00100001,20220619060000,1,93,56.66666667,2.073333333,,2.1
00100001,20220619140000,1,1517,43,11.35333333,,11.4
00100001,20220620000000,1,222,49,4.866666667,,4.9
00100001,20220620010000,1,144,51,3.356666667,,3.366666667
00100001,20220620020000,1,80,49.66666667,2.83,,2.866666667
00100001,20220620040000,1,64,52,2.416666667,,2.466666667
00100001,20220620090000,1,1189,52,7.926666667,,7.933333333
00100001,20220620100000,1,867,51.33333333,6.683333333,,6.666666667
00100001,20220620070000,1,810,53,5.976666667,,6
00100001,20220620160000,1,928,45.66666667,9.27,,9.266666667
00100001,20220620030000,1,65,49.33333333,2.856666667,,2.866666667
00100001,20220620180000,1,1215,45.33333333,9.9,,9.933333333
00100001,20220620110000,1,917,50.33333333,8.233333333,,8.266666667
00100001,20220620190000,1,1509,42.66666667,11.41333333,,11.4
00100001,20220620150000,1,1121,46.33333333,10.32333333,,10.33333333
00100001,20220620050000,1,88,51.66666667,2.803333333,,2.833333333
00100001,20220620060000,1,233,53.66666667,3.096666667,,3.1
00100001,20220620080000,1,860,53,6.486666667,,6.5
00100001,20220620120000,1,775,51.33333333,7.79,,7.8
00100001,20220620170000,1,1207,46.33333333,9.966666667,,10
00100001,20220620130000,1,1015,49,8.86,,8.866666667
00100001,20220620140000,1,996,47.33333333,10.74,,10.73333333
00100001,20220620220000,1,675,45,8.913333333,,8.933333333
00100001,20220620200000,1,1213,45.33333333,9.956666667,,9.966666667
00100001,20220620230000,1,433,47.33333333,6.686666667,,6.7
00100001,20220620210000,1,765,44,9.27,,9.3
00100001,20220621040000,1,63,54.33333333,2.093333333,,2.133333333
00100001,20220621190000,1,1694,42.66666667,11.73333333,,11.73333333
00100001,20220621210000,1,858,43.66666667,9.793333333,,9.833333333
00100001,20220621110000,1,840,52.33333333,7.9,,7.933333333
00100001,20220621130000,1,916,49.33333333,8.833333333,,8.833333333
00100001,20220621100000,1,923,51.66666667,7.39,,7.433333333
00100001,20220621070000,1,627,53.33333333,5.783333333,,5.8
00100001,20220621200000,1,1271,45.33333333,10.42666667,,10.46666667
00100001,20220621220000,1,739,43.33333333,9.823333333,,9.866666667
00100001,20220621230000,1,510,47.33333333,7.2,,7.233333333
00100001,20220621080000,1,744,52.33333333,6.29,,6.3
00100001,20220621180000,1,1443,44.66666667,11.10333333,,11.13333333
00100001,20220621140000,1,1155,47.33333333,9.96,,9.966666667
00100001,20220621120000,1,814,50.66666667,7.28,,7.3
00100001,20220621150000,1,1050,46.66666667,10.30333333,,10.3
00100001,20220621160000,1,1166,47.33333333,10.35333333,,10.4
00100001,20220621090000,1,951,52,7.493333333,,7.533333333
00100001,20220621060000,1,240,56,3.64,,3.666666667
00100001,20220621000000,1,266,49.66666667,5.443333333,,5.433333333
00100001,20220621050000,1,81,54,2.896666667,,2.933333333
00100001,20220621010000,1,140,52.66666667,3.136666667,,3.166666667
00100001,20220621030000,1,74,50.33333333,2.583333333,,2.6
00100001,20220621170000,1,1047,45.66666667,10.80333333,,10.83333333
00100001,20220621020000,1,87,52.66666667,2.523333333,,2.533333333
00100001,20220624140000,1,1106,46.33333333,10.21333333,,10.23333333
00100001,20220624160000,1,1227,47,9.853333333,,9.866666667
00100001,20220624170000,1,1400,44,12.27,,12.26666667
00100001,20220624050000,1,62,48.33333333,2.69,,2.7
00100001,20220624150000,1,1178,45,10.74333333,,10.76666667
00100001,20220624120000,1,671,50.66666667,8.75,,8.733333333
00100001,20220624080000,1,678,51.33333333,5.936666667,,5.933333333
00100001,20220624020000,1,79,48,2.943333333,,2.966666667
00100001,20220624030000,1,53,52.66666667,2.44,,2.466666667
00100001,20220624000000,1,232,47,5.246666667,,5.233333333
00100001,20220624010000,1,165,49.33333333,3.78,,3.766666667
00100001,20220624040000,1,78,49.66666667,2.846666667,,2.866666667
00100001,20220624060000,1,182,51,3.43,,3.466666667
00100001,20220624210000,1,929,44.33333333,10.05,,10.06666667
00100001,20220624085900,1,958,52.33333333,6.82,,6.833333333
00100001,20220624095900,1,895,49.33333333,8.116666667,,8.166666667
00100001,20220624105900,1,884,51.33333333,7.976666667,,8
00100001,20220624190000,1,1775,39.33333333,14.04666667,,14.1
00100001,20220624200000,1,1313,45.66666667,9.883333333,,9.9
00100001,20220624220000,1,782,44.33333333,9.136666667,,9.166666667
00100001,20220624230000,1,569,45.66666667,8.04,,8.033333333
00100001,20220624130000,1,981,49.33333333,9.69,,9.7
00100001,20220624180000,1,1591,40.66666667,12.93666667,,12.93333333
00100001,20220624070000,1,580,52,5.61,,5.6
00100001,20220625010000,1,195,52.33333333,3.723333333,,3.733333333
00100001,20220625000000,1,320,48.66666667,5.69,,5.7
00100001,20220625190000,1,1201,44.33333333,10.34,,10.33333333
00100001,20220625020000,1,147,54,2.99,,3.033333333
00100001,20220625160000,1,1273,44.66666667,10.94666667,,10.96666667
00100001,20220625050000,1,73,51,2.686666667,,2.7
00100001,20220625110000,1,900,49.66666667,7.896666667,,7.9
00100001,20220625060000,1,194,55.33333333,4.15,,4.166666667
00100001,20220625120000,1,1075,49.33333333,8.44,,8.433333333
00100001,20220625200000,1,1183,45.33333333,9.483333333,,9.5
00100001,20220625150000,1,1201,45,10.37666667,,10.4
00100001,20220625140000,1,1275,44.33333333,10.14333333,,10.16666667
00100001,20220625220000,1,794,42.33333333,9.876666667,,9.9
00100001,20220625130000,1,1112,46.66666667,9.773333333,,9.766666667
00100001,20220625170000,1,1201,44,11.4,,11.43333333
00100001,20220625030000,1,103,53,2.53,,2.566666667
00100001,20220625040000,1,86,53.33333333,2.526666667,,2.533333333
00100001,20220625230000,1,706,44.33333333,8.936666667,,8.966666667
00100001,20220625090000,1,606,53,5.643333333,,5.7
00100001,20220625100000,1,846,52.33333333,6.463333333,,6.5
00100001,20220625070000,1,427,52.33333333,4.833333333,,4.866666667
00100001,20220625080000,1,443,52,4.573333333,,4.566666667
00100001,20220625180000,1,1276,45,10.66,,10.66666667
00100001,20220625210000,1,984,41.66666667,10.61333333,,10.63333333
00100001,20220626150000,1,1455,39,12.79,,12.8
00100001,20220626110000,1,704,52.33333333,6.283333333,,6.3
00100001,20220626020000,1,141,51.66666667,3.183333333,,3.2
00100001,20220626040000,1,70,52.33333333,2.233333333,,2.233333333
00100001,20220626170000,1,1315,40.66666667,12.86333333,,12.9
00100001,20220626180000,1,1406,41.33333333,12.40666667,,12.46666667
00100001,20220626010000,1,193,52.33333333,4.116666667,,4.133333333
00100001,20220626100000,1,428,53,4.523333333,,4.533333333
00100001,20220626130000,1,995,47,8.94,,8.966666667
00100001,20220626160000,1,1037,45.33333333,8.96,,8.966666667
00100001,20220626070000,1,642,49.66666667,6.74,,6.766666667
00100001,20220626030000,1,99,53.66666667,2.496666667,,2.5
00100001,20220626090000,1,420,53.66666667,3.623333333,,3.633333333
00100001,20220626060000,1,95,56,2.016666667,,2.033333333
00100001,20220626120000,1,863,49,7.463333333,,7.5
00100001,20220626190000,1,1199,43.66666667,10.05333333,,10.1
00100001,20220626200000,1,1193,43.66666667,10.10666667,,10.13333333
00100001,20220626210000,1,969,43,10.24333333,,10.26666667
00100001,20220626080000,1,212,56.33333333,2.873333333,,2.9
00100001,20220626140000,1,1270,43.33333333,10.53,,10.53333333
00100001,20220626050000,1,61,55,2.06,,2.066666667
00100001,20220626000000,1,426,47.66666667,6.59,,6.6
00100001,20220626230000,1,521,46.33333333,6.983333333,,7
00100001,20220626220000,1,804,43.33333333,9.786666667,,9.833333333
00100001,20220627050000,1,78,50.33333333,3.073333333,,3.066666667
00100001,20220627020000,1,78,49,2.803333333,,2.8
00100001,20220627210000,1,748,44,9.083333333,,9.1
00100001,20220627070000,1,642,52.66666667,6.35,,6.366666667
00100001,20220627030000,1,57,52,2.126666667,,2.166666667
00100001,20220627190000,1,1433,44,11.04333333,,11.03333333
00100001,20220627110000,1,910,50,8.18,,8.2
00100001,20220627060000,1,234,52.66666667,3.766666667,,3.766666667
00100001,20220627080000,1,802,52,6.033333333,,6.066666667
00100001,20220627130000,1,1120,46.66666667,10.33333333,,10.33333333
00100001,20220627140000,1,994,48,9.056666667,,9.066666667
00100001,20220627200000,1,1073,47,9.483333333,,9.5
00100001,20220627040000,1,49,49.66666667,2.356666667,,2.366666667
00100001,20220627180000,1,1342,46,10.52,,10.53333333
00100001,20220627100000,1,970,51,7.56,,7.566666667
00100001,20220627150000,1,1096,47.33333333,10,,10.03333333
00100001,20220627170000,1,1180,45.66666667,10.79666667,,10.8
00100001,20220627220000,1,592,46,8.176666667,,8.233333333
00100001,20220627120000,1,827,49.33333333,8.54,,8.533333333
00100001,20220627160000,1,984,48.33333333,9.47,,9.466666667
00100001,20220627230000,1,457,46.66666667,6.97,,7
00100001,20220627010000,1,189,51.33333333,4.376666667,,4.4
00100001,20220627090000,1,1089,51,7.766666667,,7.766666667
00100001,20220627000000,1,256,50.66666667,4.016666667,,4.033333333
00100001,20220628020000,1,107,52,2.813333333,,2.833333333
00100001,20220628040000,1,70,53,2.45,,2.466666667
00100001,20220628010000,1,120,51.33333333,3.266666667,,3.266666667
00100001,20220628070000,1,678,52,6.406666667,,6.433333333
00100001,20220628130000,1,985,48,9.503333333,,9.533333333
00100001,20220628160000,1,994,46.33333333,9.626666667,,9.633333333
00100001,20220628120000,1,749,49,8.13,,8.133333333
00100001,20220628060000,1,181,53.66666667,3.453333333,,3.466666667
00100001,20220628200000,1,1109,47.33333333,8.506666667,,8.533333333
00100001,20220628030000,1,70,51,2.8,,2.833333333
00100001,20220628140000,1,1077,48,9.316666667,,9.333333333
00100001,20220628100000,1,909,51,7.933333333,,7.933333333
00100001,20220628150000,1,1080,46,10.01,,10.03333333
00100001,20220628050000,1,91,52.33333333,2.96,,3
00100001,20220628220000,1,847,43.66666667,9.436666667,,9.433333333
00100001,20220628170000,1,1288,46,10.21,,10.23333333
00100001,20220628210000,1,914,44.33333333,9.226666667,,9.233333333
00100001,20220628230000,1,566,47,7.4,,7.4
00100001,20220628000000,1,246,50,4.543333333,,4.566666667
00100001,20220628180000,1,1540,44.66666667,10.88333333,,10.9
00100001,20220628110000,1,875,50,8.28,,8.3
00100001,20220628190000,1,1732,43,11.59666667,,11.6
00100001,20220628080000,1,652,52.66666667,5.743333333,,5.733333333
00100001,20220628090000,1,1014,50.66666667,7.506666667,,7.533333333
00100001,20220629000000,1,309,49.33333333,4.893333333,,4.9
00100001,20220629050000,1,71,47.33333333,3.333333333,,3.366666667
00100001,20220629020000,1,95,54.66666667,2.7,,2.7
00100001,20220629040000,1,62,51.33333333,2.693333333,,2.7
00100001,20220629010000,1,184,52.33333333,3.173333333,,3.2
00100001,20220629030000,1,69,53.66666667,2.393333333,,2.4
00100001,20220629060000,1,124,50.66666667,3.516666667,,3.533333333
00100001,20220629210000,1,718,42.66666667,9.07,,9.066666667
00100001,20220629160000,1,1012,48,9.086666667,,9.1
00100001,20220629200000,1,1134,39.66666667,12.37666667,,12.4
00100001,20220629080000,1,670,49,6.773333333,,6.766666667
00100001,20220629170000,1,999,47.66666667,9.606666667,,9.633333333
00100001,20220629110000,1,744,48.66666667,8.183333333,,8.233333333
00100001,20220629120000,1,747,49.33333333,7.803333333,,7.833333333
00100001,20220629140000,1,1029,48.66666667,9.266666667,,9.3
00100001,20220629100000,1,794,48,7.723333333,,7.733333333
00100001,20220629230000,1,452,47.66666667,6.113333333,,6.133333333
00100001,20220629150000,1,899,48,8.586666667,,8.6
00100001,20220629090000,1,891,48,7.16,,7.166666667
00100001,20220629070000,1,463,50,5.236666667,,5.266666667
00100001,20220629130000,1,869,48,9.483333333,,9.5
00100001,20220629190000,1,1419,37.33333333,12.93666667,,12.93333333
00100001,20220629220000,1,677,43.66666667,8.243333333,,8.266666667
00100001,20220629180000,1,1317,41,11.82333333,,11.83333333
00100001,20220630120000,1,738,49.66666667,6.966666667,,6.966666667
00100001,20220630150000,1,1050,47.33333333,9.553333333,,9.6
00100001,20220630110000,1,965,51.33333333,8.18,,8.166666667
00100001,20220630170000,1,940,47.66666667,9.286666667,,9.3
00100001,20220630000000,1,249,49,5.283333333,,5.3
00100001,20220630190000,1,1724,45.66666667,11.47333333,,11.53333333
00100001,20220630005900,1,136,49,3.253333333,,3.3
00100001,20220630160000,1,956,45,10.06333333,,10.06666667
00100001,20220630100000,1,886,51.33333333,6.72,,6.733333333
00100001,20220630140000,1,1047,46.66666667,9.233333333,,9.266666667
00100001,20220630130000,1,994,45.33333333,9.153333333,,9.166666667
00100001,20220630015900,1,105,48,3.42,,3.433333333
00100001,20220630070000,1,543,50.33333333,5.5,,5.5
00100001,20220630220000,1,740,44.66666667,9.563333333,,9.566666667
00100001,20220630210000,1,863,44,9,,9.033333333
00100001,20220630090000,1,999,50.66666667,7.583333333,,7.6
00100001,20220630080000,1,771,52.33333333,6.093333333,,6.133333333
00100001,20220630060000,1,196,51,3.966666667,,4
00100001,20220630230000,1,512,46,7.866666667,,7.9
00100001,20220630040000,1,63,49.66666667,2.923333333,,2.966666667
00100001,20220630200000,1,1180,47.33333333,8.986666667,,9
00100001,20220630050000,1,74,48.33333333,2.303333333,,2.333333333
00100001,20220630180000,1,1065,47,9.21,,9.2
00100001,20220630030000,1,70,49,3.326666667,,3.333333333
00100001,20220603050000,1,59,46.66666667,2.75,,2.766666667
00100001,20220603060000,1,239,53.33333333,3.55,,3.566666667
00100001,20220603080000,1,689,52,6.166666667,,6.2
00100001,20220603150000,1,1417,42.66666667,12.01333333,,12.03333333
00100001,20220603160000,1,1252,46.33333333,11.04,,11.06666667
00100001,20220603200000,1,1598,40.66666667,12.92333333,,12.93333333
00100001,20220603000000,1,752,46.33333333,8.256666667,,8.266666667
00100001,20220603100000,1,753,51,6.086666667,,6.1
00100001,20220603170000,1,1321,46,10.92666667,,10.96666667
00100001,20220603120000,1,1054,47,10.27,,10.3
00100001,20220603140000,1,1088,48.33333333,9.343333333,,9.4
00100001,20220603040000,1,437,54,5.163333333,,5.166666667
00100001,20220603110000,1,587,51.66666667,5.943333333,,5.933333333
00100001,20220603010000,1,439,51,5.28,,5.3
00100001,20220603030000,1,97,50.66666667,2.843333333,,2.833333333
00100001,20220603130000,1,710,48.66666667,7.21,,7.233333333
00100001,20220603180000,1,1521,41,12.46333333,,12.46666667
00100001,20220603070000,1,710,53,6.293333333,,6.3
00100001,20220603020000,1,78,53.66666667,2.38,,2.4
00100001,20220603090000,1,1067,51.66666667,7.286666667,,7.3
00100001,20220603190000,1,1704,36.33333333,13.81,,13.8
00100001,20220603210000,1,1190,42.66666667,11.03666667,,11.06666667
00100001,20220603220000,1,1000,43,10.58666667,,10.6
00100001,20220603230000,1,626,46,7.81,,7.833333333
00100001,20220616000000,1,200,51,5.073333333,,5.1
00100001,20220616010000,1,213,56,3.65,,3.666666667
00100001,20220616050000,1,525,52.66666667,4.87,,4.9
00100001,20220616080000,1,251,51.33333333,3.426666667,,3.466666667
00100001,20220616040000,1,502,57,4.496666667,,4.5
00100001,20220616070000,1,271,50.66666667,3.47,,3.5
00100001,20220616020000,1,640,53,5.98,,6
00100001,20220616090000,1,367,53,4.036666667,,4.066666667
00100001,20220616030000,1,69,56,2.593333333,,2.6
00100001,20220616100000,1,900,51.66666667,6.77,,6.766666667
00100001,20220616060000,1,208,54.33333333,3.096666667,,3.166666667
00100001,20220616170000,1,1244,45.66666667,11.14,,11.13333333
00100001,20220616210000,1,809,44.66666667,9.103333333,,9.1
00100001,20220616110000,1,829,51,8.423333333,,8.433333333
00100001,20220616220000,1,722,44.66666667,9.26,,9.3
00100001,20220616150000,1,999,48,9.4,,9.4
00100001,20220616140000,1,1123,47,10.58333333,,10.6
00100001,20220616230000,1,595,46.66666667,7.403333333,,7.4
00100001,20220616130000,1,958,49.33333333,8.776666667,,8.8
00100001,20220616160000,1,1002,46.66666667,10.99666667,,11
00100001,20220616200000,1,1161,46.33333333,9.406666667,,9.433333333
00100001,20220616180000,1,1510,43.33333333,12.70333333,,12.73333333
00100001,20220616120000,1,836,51.33333333,7.996666667,,8.033333333
00100001,20220616190000,1,1607,41.33333333,13.08666667,,13.1
00100001,20220617030000,1,77,51.66666667,2.593333333,,2.6
00100001,20220617180000,1,1628,38.33333333,14.14666667,,14.16666667
00100001,20220617200000,1,1506,41.66666667,12.12,,12.13333333
00100001,20220617130000,1,1011,47.66666667,9.363333333,,9.4
00100001,20220617190000,1,1673,37,14.57,,14.6
00100001,20220617140000,1,1166,45.66666667,10.33,,10.33333333
00100001,20220617020000,1,109,51.66666667,3.07,,3.1
00100001,20220617070000,1,754,52,5.593333333,,5.633333333
00100001,20220617090000,1,1022,51.33333333,7.973333333,,7.966666667
00100001,20220617210000,1,886,43.66666667,10.63333333,,10.66666667
00100001,20220617220000,1,729,43.66666667,8.803333333,,8.833333333
00100001,20220617100000,1,918,51.33333333,7.386666667,,7.4
00100001,20220617160000,1,1165,46.33333333,10.57333333,,10.56666667
00100001,20220617170000,1,1316,42.66666667,12.43666667,,12.46666667
00100001,20220617000000,1,248,48.33333333,4.893333333,,4.9
00100001,20220617010000,1,172,52.33333333,4.073333333,,4.066666667
00100001,20220617040000,1,81,50.66666667,2.73,,2.733333333
00100001,20220617110000,1,942,50,7.976666667,,8
00100001,20220617050000,1,85,53,2.986666667,,3
00100001,20220617080000,1,812,53.33333333,6.05,,6.1
00100001,20220617150000,1,1167,45.33333333,10.64,,10.63333333
00100001,20220617060000,1,197,54.33333333,3.236666667,,3.3
00100001,20220617120000,1,739,49.33333333,8.043333333,,8.066666667
00100001,20220617230000,1,566,46.33333333,8.053333333,,8.1
00100001,20220622190000,1,1719,38.66666667,12.92,,12.93333333
00100001,20220622030000,1,76,53,2.28,,2.3
00100001,20220622110000,1,811,51,7.596666667,,7.6
00100001,20220622090000,1,998,51.33333333,7.586666667,,7.6
00100001,20220622050000,1,80,52.33333333,2.763333333,,2.766666667
00100001,20220622140000,1,1165,46.66666667,10.59333333,,10.6
00100001,20220622130000,1,945,48.66666667,9.79,,9.833333333
00100001,20220622170000,1,1210,46.33333333,10.62333333,,10.63333333
00100001,20220622100000,1,872,52,7.206666667,,7.233333333
00100001,20220622020000,1,104,52.66666667,2.843333333,,2.833333333
00100001,20220622000000,1,271,48,4.983333333,,5
00100001,20220622200000,1,1318,44,10.12666667,,10.1
00100001,20220622210000,1,810,44,9.03,,9.033333333
00100001,20220622070000,1,658,53,5.7,,5.7
00100001,20220622150000,1,1022,47.66666667,9.763333333,,9.8
00100001,20220622160000,1,1161,46.66666667,10.17,,10.2
00100001,20220622040000,1,48,55,2.476666667,,2.466666667
00100001,20220622230000,1,618,47,7.53,,7.566666667
00100001,20220622180000,1,1592,43.66666667,12.37333333,,12.36666667
00100001,20220622220000,1,782,43.66666667,9.57,,9.633333333
00100001,20220622080000,1,733,52,6.373333333,,6.4
00100001,20220622120000,1,760,50.33333333,7.756666667,,7.8
00100001,20220622010000,1,186,51.66666667,4.153333333,,4.166666667
00100001,20220622060000,1,216,53.66666667,3.56,,3.6
00100001,20220623200000,1,968,44.66666667,8.49,,8.533333333
00100001,20220623210000,1,744,37.66666667,11.70666667,,11.73333333
00100001,20220623030000,1,75,52.33333333,2.503333333,,2.533333333
00100001,20220623130000,1,923,45,9.906666667,,9.933333333
00100001,20220623140000,1,1114,44,10.81333333,,10.83333333
00100001,20220623090000,1,1095,51.66666667,7.59,,7.6
00100001,20220623120000,1,880,48.33333333,9.15,,9.2
00100001,20220623020000,1,104,52.33333333,2.71,,2.733333333
00100001,20220623220000,1,651,42.33333333,8.57,,8.6
00100001,20220623100000,1,945,50,7.39,,7.4
00100001,20220623160000,1,880,46.66666667,9.093333333,,9.133333333
00100001,20220623110000,1,903,49.33333333,8.05,,8.066666667
00100001,20220623170000,1,1043,45.33333333,9.856666667,,9.9
00100001,20220623080000,1,705,52.33333333,5.963333333,,6
00100001,20220623150000,1,1017,44.33333333,10.15333333,,10.16666667
00100001,20220623230000,1,436,45,6.59,,6.633333333
00100001,20220623180000,1,1380,45.66666667,10.02666667,,10
00100001,20220623010000,1,174,51.33333333,3.843333333,,3.866666667
00100001,20220623050000,1,75,50.66666667,2.42,,2.433333333
00100001,20220623060000,1,238,53.66666667,3.406666667,,3.433333333
00100001,20220623190000,1,1647,41.33333333,12.07666667,,12.1
00100001,20220623000000,1,286,52,5.103333333,,5.1
00100001,20220623070000,1,651,53,6.453333333,,6.466666667
00100001,20220623040000,1,47,53.33333333,2.046666667,,2.066666667
00100001,20220607000000,1,255,49.33333333,4.61,,4.633333333
00100001,20220607010000,1,174,53,3.593333333,,3.633333333
00100001,20220607050000,1,80,49.66666667,2.623333333,,2.633333333
00100001,20220607160000,1,956,46.33333333,10.03,,10.03333333
00100001,20220607100000,1,822,51,7.16,,7.166666667
00100001,20220607130000,1,1012,48,9.01,,9.033333333
00100001,20220607150000,1,1094,45.66666667,9.933333333,,9.933333333
00100001,20220607030000,1,59,52,2.676666667,,2.733333333
00100001,20220607190000,1,1688,42.66666667,12.65,,12.66666667
00100001,20220607090000,1,1034,52,7.953333333,,7.966666667
00100001,20220607180000,1,1407,45.66666667,11.02333333,,11.06666667
00100001,20220607120000,1,722,49,7.616666667,,7.633333333
00100001,20220607020000,1,88,51.66666667,2.536666667,,2.566666667
00100001,20220607170000,1,1169,45.33333333,9.98,,10
00100001,20220607070000,1,765,53.33333333,6.36,,6.366666667
00100001,20220607210000,1,758,44,8.716666667,,8.733333333
00100001,20220607200000,1,1224,47,9.503333333,,9.5
00100001,20220607060000,1,236,53.33333333,3.183333333,,3.2
00100001,20220607140000,1,1076,45.66666667,9.923333333,,9.933333333
00100001,20220607080000,1,740,52.66666667,6.22,,6.233333333
00100001,20220607040000,1,48,53,2.053333333,,2.1
00100001,20220607220000,1,634,45.33333333,8.006666667,,8
00100001,20220607110000,1,839,50,8.31,,8.3
00100001,20220607230000,1,473,48,7.963333333,,8