VDS0009a,20220601,00,376
VDS0009a,20220601,01,223
VDS0009a,20220601,02,175
VDS0009a,20220601,03,132
VDS0009a,20220601,04,116
VDS0009a,20220601,05,173
VDS0009a,20220601,06,337
VDS0009a,20220601,07,603
VDS0009a,20220601,08,880
VDS0009a,20220601,09,959
VDS0009a,20220601,10,1307
VDS0009a,20220601,11,1565
VDS0009a,20220601,12,1681
VDS0009a,20220601,13,1459
VDS0009a,20220601,14,1411
VDS0009a,20220601,15,1273
VDS0009a,20220601,16,1061
VDS0009a,20220601,17,1080
VDS0009a,20220601,18,1197
VDS0009a,20220601,19,914
VDS0009a,20220601,20,700
VDS0009a,20220601,21,623
VDS0009a,20220601,22,617
VDS0009a,20220601,23,429
VDS0009a,20220602,00,262
VDS0009a,20220602,01,183
VDS0009a,20220602,02,96
VDS0009a,20220602,03,106
VDS0009a,20220602,04,89
VDS0009a,20220602,05,170
VDS0009a,20220602,06,342
VDS0009a,20220602,07,863
VDS0009a,20220602,08,1507
VDS0009a,20220602,09,1952
VDS0009a,20220602,10,1671
VDS0009a,20220602,11,1166
VDS0009a,20220602,12,1227
VDS0009a,20220602,13,1225
VDS0009a,20220602,14,984
VDS0009a,20220602,15,928
VDS0009a,20220602,16,1028
VDS0009a,20220602,17,1138
VDS0009a,20220602,18,1264
VDS0009a,20220602,19,1070
VDS0009a,20220602,20,844
VDS0009a,20220602,21,516
VDS0009a,20220602,22,443
VDS0009a,20220602,23,496
VDS0009a,20220603,00,300
VDS0009a,20220603,01,202
VDS0009a,20220603,02,128
VDS0009a,20220603,03,106
VDS0009a,20220603,04,71
VDS0009a,20220603,05,138
VDS0009a,20220603,06,342
VDS0009a,20220603,07,686
VDS0009a,20220603,08,1150
VDS0009a,20220603,09,1544
VDS0009a,20220603,10,1240
VDS0009a,20220603,11,1067
VDS0009a,20220603,12,1215
VDS0009a,20220603,13,1208
VDS0009a,20220603,14,951
VDS0009a,20220603,15,1165
VDS0009a,20220603,16,1171
VDS0009a,20220603,17,1390
VDS0009a,20220603,18,1388
VDS0009a,20220603,19,1263
VDS0009a,20220603,20,1185
VDS0009a,20220603,21,792
VDS0009a,20220603,22,791
VDS0009a,20220603,23,593
VDS0009a,20220604,00,380
VDS0009a,20220604,01,239
VDS0009a,20220604,02,193
VDS0009a,20220604,03,158
VDS0009a,20220604,04,120
VDS0009a,20220604,05,136
VDS0009a,20220604,06,311
VDS0009a,20220604,07,710
VDS0009a,20220604,08,948
VDS0009a,20220604,09,1356
VDS0009a,20220604,10,1632
VDS0009a,20220604,11,2051
VDS0009a,20220604,12,2089
VDS0009a,20220604,13,1967
VDS0009a,20220604,14,1839
VDS0009a,20220604,15,1786
VDS0009a,20220604,16,1643
VDS0009a,20220604,17,1643
VDS0009a,20220604,18,1528
VDS0009a,20220604,19,1089
VDS0009a,20220604,20,993
VDS0009a,20220604,21,674
VDS0009a,20220604,22,613
VDS0009a,20220604,23,490
VDS0009a,20220605,00,327
VDS0009a,20220605,01,210
VDS0009a,20220605,02,163
VDS0009a,20220605,03,119
VDS0009a,20220605,04,109
VDS0009a,20220605,05,64
VDS0009a,20220605,06,202
VDS0009a,20220605,07,415
VDS0009a,20220605,08,519
VDS0009a,20220605,09,778
VDS0009a,20220605,10,1195
VDS0009a,20220605,11,1545
VDS0009a,20220605,12,1720
VDS0009a,20220605,13,1470
VDS0009a,20220605,14,1488
VDS0009a,20220605,15,1283
VDS0009a,20220605,16,1142
VDS0009a,20220605,16,1051
VDS0009a,20220605,17,1119
VDS0009a,20220605,18,1017
VDS0009a,20220605,19,683
VDS0009a,20220605,20,594
VDS0009a,20220605,21,504
VDS0009a,20220605,23,280
VDS0009a,20220606,00,272
VDS0009a,20220606,01,182
VDS0009a,20220606,02,116
VDS0009a,20220606,03,119
VDS0009a,20220606,04,96
VDS0009a,20220606,05,108
VDS0009a,20220606,06,232
VDS0009a,20220606,07,554
VDS0009a,20220606,08,653
VDS0009a,20220606,09,743
VDS0009a,20220606,10,987
VDS0009a,20220606,11,1281
VDS0009a,20220606,12,1318
VDS0009a,20220606,13,1388
VDS0009a,20220606,14,1389
VDS0009a,20220606,15,1351
VDS0009a,20220606,16,1186
VDS0009a,20220606,17,1235
VDS0009a,20220606,18,1128
VDS0009a,20220606,19,902
VDS0009a,20220606,20,824
VDS0009a,20220606,21,755
VDS0009a,20220606,22,590
VDS0009a,20220606,23,396
VDS0009a,20220607,00,320
VDS0009a,20220607,01,149
VDS0009a,20220607,02,100
VDS0009a,20220607,03,664
VDS0009a,20220607,04,85
VDS0009a,20220607,05,134
VDS0009a,20220607,06,358
VDS0009a,20220607,07,897
VDS0009a,20220607,08,1397
VDS0009a,20220607,09,1294
VDS0009a,20220607,10,1214
VDS0009a,20220607,11,983
VDS0009a,20220607,12,1223
VDS0009a,20220607,13,991
VDS0009a,20220607,14,955
VDS0009a,20220607,15,404
VDS0009a,20220607,16,977
VDS0009a,20220607,17,1134
VDS0009a,20220607,18,1059
VDS0009a,20220607,19,1548
VDS0009a,20220607,20,801
VDS0009a,20220607,21,587
VDS0009a,20220607,22,575
VDS0009a,20220607,23,465
VDS0009a,20220608,00,285
VDS0009a,20220608,01,178
VDS0009a,20220608,02,124
VDS0009a,20220608,03,86
VDS0009a,20220608,04,98
VDS0009a,20220608,05,123
VDS0009a,20220608,06,313
VDS0009a,20220608,07,679
VDS0009a,20220608,08,1364
VDS0009a,20220608,09,1792
VDS0009a,20220608,10,1238
VDS0009a,20220608,11,995
VDS0009a,20220608,12,1014
VDS0009a,20220608,13,1142
VDS0009a,20220608,14,855
VDS0009a,20220608,15,851
VDS0009a,20220608,16,907
VDS0009a,20220608,17,1001
VDS0009a,20220608,18,1132
VDS0009a,20220608,19,887
VDS0009a,20220608,20,863
VDS0009a,20220608,21,610
VDS0009a,20220608,22,643
VDS0009a,20220608,23,489
VDS0009a,20220609,00,288
VDS0009a,20220609,01,194
VDS0009a,20220609,02,142
VDS0009a,20220609,03,110
VDS0009a,20220609,04,102
VDS0009a,20220609,05,144
VDS0009a,20220609,06,300
VDS0009a,20220609,07,719
VDS0009a,20220609,08,1373
VDS0009a,20220609,09,1791
VDS0009a,20220609,10,1335
VDS0009a,20220609,11,1230
VDS0009a,20220609,12,1244
VDS0009a,20220609,13,1194
VDS0009a,20220609,14,1029
VDS0009a,20220609,15,981
VDS0009a,20220609,16,995
VDS0009a,20220609,17,1229
VDS0009a,20220609,18,1241
VDS0009a,20220609,19,1031
VDS0009a,20220609,20,795
VDS0009a,20220609,21,573
VDS0009a,20220609,22,571
VDS0009a,20220609,23,408
VDS0009a,20220610,00,267
VDS0009a,20220610,01,205
VDS0009a,20220610,02,139
VDS0009a,20220610,03,116
VDS0009a,20220610,04,114
VDS0009a,20220610,05,134
VDS0009a,20220610,06,279
VDS0009a,20220610,07,677
VDS0009a,20220610,08,1359
VDS0009a,20220610,09,1747
VDS0009a,20220610,10,1124
VDS0009a,20220610,11,1015
VDS0009a,20220610,12,1280
VDS0009a,20220610,13,1274
VDS0009a,20220610,14,1134
VDS0009a,20220610,15,1076
VDS0009a,20220610,16,1204
VDS0009a,20220610,17,1297
VDS0009a,20220610,18,1334
VDS0009a,20220610,19,1245
VDS0009a,20220610,20,704
VDS0009a,20220610,20,952
VDS0009a,20220610,21,655
VDS0009a,20220610,22,489
VDS0009a,20220611,00,258
VDS0009a,20220611,01,244
VDS0009a,20220611,02,195
VDS0009a,20220611,03,136
VDS0009a,20220611,04,132
VDS0009a,20220611,05,149
VDS0009a,20220611,06,341
VDS0009a,20220611,07,689
VDS0009a,20220611,08,897
VDS0009a,20220611,09,1170
VDS0009a,20220611,10,1538
VDS0009a,20220611,11,1623
VDS0009a,20220611,12,1602
VDS0009a,20220611,13,1557
VDS0009a,20220611,14,1516
VDS0009a,20220611,15,1493
VDS0009a,20220611,16,1568
VDS0009a,20220611,17,1464
VDS0009a,20220611,18,1413
VDS0009a,20220611,19,1179
VDS0009a,20220611,20,936
VDS0009a,20220611,21,675
VDS0009a,20220611,22,598
VDS0009a,20220611,23,486
VDS0009a,20220612,00,322
VDS0009a,20220612,01,223
VDS0009a,20220612,02,174
VDS0009a,20220612,03,128
VDS0009a,20220612,04,93
VDS0009a,20220612,05,114
VDS0009a,20220612,06,218
VDS0009a,20220612,07,491
VDS0009a,20220612,08,542
VDS0009a,20220612,09,717
VDS0009a,20220612,10,1022
VDS0009a,20220612,11,1346
VDS0009a,20220612,12,1427
VDS0009a,20220612,13,1383
VDS0009a,20220612,14,1411
VDS0009a,20220612,15,1281
VDS0009a,20220612,16,1266
VDS0009a,20220612,17,1130
VDS0009a,20220612,18,1164
VDS0009a,20220612,19,967
VDS0009a,20220612,20,846
VDS0009a,20220612,21,648
VDS0009a,20220612,22,549
VDS0009a,20220612,23,432
VDS0009a,20220613,00,237
VDS0009a,20220613,01,176
VDS0009a,20220613,02,118
VDS0009a,20220613,03,82
VDS0009a,20220613,04,81
VDS0009a,20220613,05,129
VDS0009a,20220613,06,372
VDS0009a,20220613,07,888
VDS0009a,20220613,08,1583
VDS0009a,20220613,09,1880
VDS0009a,20220613,10,1323
VDS0009a,20220613,11,1128
VDS0009a,20220613,12,1249
VDS0009a,20220613,13,1041
VDS0009a,20220613,14,910
VDS0009a,20220613,15,959
VDS0009a,20220613,16,950
VDS0009a,20220613,17,1004
VDS0009a,20220613,18,1033
VDS0009a,20220613,19,1020
VDS0009a,20220613,20,812
VDS0009a,20220613,21,645
VDS0009a,20220613,22,647
VDS0009a,20220613,23,500
VDS0009a,20220614,00,257
VDS0009a,20220614,01,189
VDS0009a,20220614,02,112
VDS0009a,20220614,03,97
VDS0009a,20220614,04,94
VDS0009a,20220614,05,146
VDS0009a,20220614,06,331
VDS0009a,20220614,07,768
VDS0009a,20220614,08,1188
VDS0009a,20220614,09,1811
VDS0009a,20220614,10,1283
VDS0009a,20220614,11,1132
VDS0009a,20220614,12,999
VDS0009a,20220614,13,1015
VDS0009a,20220614,14,1003
VDS0009a,20220614,15,955
VDS0009a,20220614,16,968
VDS0009a,20220614,17,1065
VDS0009a,20220614,18,1127
VDS0009a,20220614,19,1045
VDS0009a,20220614,20,794
VDS0009a,20220614,21,500
VDS0009a,20220614,22,639
VDS0009a,20220614,23,536
VDS0009a,20220615,00,299
VDS0009a,20220615,01,209
VDS0009a,20220615,02,127
VDS0009a,20220615,03,95
VDS0009a,20220615,04,100
VDS0009a,20220615,05,119
VDS0009a,20220615,06,302
VDS0009a,20220615,07,542
VDS0009a,20220615,08,1285
VDS0009a,20220615,09,1693
VDS0009a,20220615,10,1332
VDS0009a,20220615,11,1044
VDS0009a,20220615,12,1244
VDS0009a,20220615,13,1207
VDS0009a,20220615,14,1002
VDS0009a,20220615,15,979
VDS0009a,20220615,16,1025
VDS0009a,20220615,17,1133
VDS0009a,20220615,18,1096
VDS0009a,20220615,19,1039
VDS0009a,20220615,20,847
VDS0009a,20220615,21,530
VDS0009a,20220615,21,597
VDS0009a,20220615,22,506
VDS0009a,20220616,00,158
VDS0009a,20220616,01,223
VDS0009a,20220616,02,129
VDS0009a,20220616,03,93
VDS0009a,20220616,04,94
VDS0009a,20220616,05,147
VDS0009a,20220616,06,290
VDS0009a,20220616,07,765
VDS0009a,20220616,08,1423
VDS0009a,20220616,09,1855
VDS0009a,20220616,10,1357
VDS0009a,20220616,11,1286
VDS0009a,20220616,12,1300
VDS0009a,20220616,13,1317
VDS0009a,20220616,14,1000
VDS0009a,20220616,15,1046
VDS0009a,20220616,16,1029
VDS0009a,20220616,17,1174
VDS0009a,20220616,18,1265
VDS0009a,20220616,19,1072
VDS0009a,20220616,20,905
VDS0009a,20220616,21,666
VDS0009a,20220616,22,601
VDS0009a,20220616,23,534
VDS0009a,20220617,00,303
VDS0009a,20220617,01,212
VDS0009a,20220617,02,127
VDS0009a,20220617,03,112
VDS0009a,20220617,04,113
VDS0009a,20220617,05,141
VDS0009a,20220617,06,279
VDS0009a,20220617,07,758
VDS0009a,20220617,08,1372
VDS0009a,20220617,09,1777
VDS0009a,20220617,10,1200
VDS0009a,20220617,11,1262
VDS0009a,20220617,12,1203
VDS0009a,20220617,13,1265
VDS0009a,20220617,14,1082
VDS0009a,20220617,15,1068
VDS0009a,20220617,16,1192
VDS0009a,20220617,17,1388
VDS0009a,20220617,18,1457
VDS0009a,20220617,19,1222
VDS0009a,20220617,20,1249
VDS0009a,20220617,21,718
VDS0009a,20220617,22,534
VDS0009a,20220617,23,492
VDS0009a,20220618,00,359
VDS0009a,20220618,01,256
VDS0009a,20220618,02,168
VDS0009a,20220618,03,143
VDS0009a,20220618,04,135
VDS0009a,20220618,05,111
VDS0009a,20220618,06,351
VDS0009a,20220618,07,720
VDS0009a,20220618,08,960
VDS0009a,20220618,09,1230
VDS0009a,20220618,10,1545
VDS0009a,20220618,11,1705
VDS0009a,20220618,12,1923
VDS0009a,20220618,13,1763
VDS0009a,20220618,14,1761
VDS0009a,20220618,15,1659
VDS0009a,20220618,16,1647
VDS0009a,20220618,17,1487
VDS0009a,20220618,18,1442
VDS0009a,20220618,19,1064
VDS0009a,20220618,20,731
VDS0009a,20220618,21,561
VDS0009a,20220618,22,578
VDS0009a,20220618,23,437
VDS0009a,20220619,00,242
VDS0009a,20220619,01,223
VDS0009a,20220619,02,160
VDS0009a,20220619,03,120
VDS0009a,20220619,04,99
VDS0009a,20220619,05,86
VDS0009a,20220619,06,197
VDS0009a,20220619,07,393
VDS0009a,20220619,08,551
VDS0009a,20220619,09,722
VDS0009a,20220619,10,1115
VDS0009a,20220619,11,1487
VDS0009a,20220619,12,1429
VDS0009a,20220619,13,1323
VDS0009a,20220619,14,1167
VDS0009a,20220619,15,1107
VDS0009a,20220619,16,1155
VDS0009a,20220619,17,1048
VDS0009a,20220619,18,1080
VDS0009a,20220619,19,1036
VDS0009a,20220619,20,774
VDS0009a,20220619,21,622
VDS0009a,20220619,22,615
VDS0009a,20220619,23,445
VDS0009a,20220620,00,291
VDS0009a,20220620,01,210
VDS0009a,20220620,02,121
VDS0009a,20220620,03,97
VDS0009a,20220620,04,80
VDS0009a,20220620,05,144
VDS0009a,20220620,06,340
VDS0009a,20220620,07,973
VDS0009a,20220620,08,1701
VDS0009a,20220620,09,1809
VDS0009a,20220620,10,1333
VDS0009a,20220620,11,1114
VDS0009a,20220620,12,1227
VDS0009a,20220620,13,1192
VDS0009a,20220620,14,1001
VDS0009a,20220620,15,1039
VDS0009a,20220620,16,1025
VDS0009a,20220620,17,1227
VDS0009a,20220620,18,1135
VDS0009a,20220620,19,1028
VDS0009a,20220620,20,865
VDS0009a,20220620,21,607
VDS0009a,20220620,22,564
VDS0009a,20220620,23,493
VDS0009a,20220621,00,310
VDS0009a,20220621,01,170
VDS0009a,20220621,02,141
VDS0009a,20220621,03,121
VDS0009a,20220621,04,88
VDS0009a,20220621,05,101
VDS0009a,20220621,06,312
VDS0009a,20220621,07,721
VDS0009a,20220621,08,1410
VDS0009a,20220621,09,1829
VDS0009a,20220621,10,1388
VDS0009a,20220621,11,1225
VDS0009a,20220621,12,1372
VDS0009a,20220621,13,1242
VDS0009a,20220621,14,1017
VDS0009a,20220621,15,1009
VDS0009a,20220621,16,1062
VDS0009a,20220621,17,1199
VDS0009a,20220621,18,1292
VDS0009a,20220621,19,1010
VDS0009a,20220621,20,878
VDS0009a,20220621,21,587
VDS0009a,20220621,22,594
VDS0009a,20220621,23,508
VDS0009a,20220622,00,191
VDS0009a,20220622,01,871
VDS0009a,20220622,02,900
VDS0009a,20220622,03,744
VDS0009a,20220622,04,730
VDS0009a,20220622,05,1245
VDS0009a,20220622,06,229
VDS0009a,20220622,07,744
VDS0009a,20220622,08,919
VDS0009a,20220622,09,1364
VDS0009a,20220622,10,1294
VDS0009a,20220622,11,535
VDS0009a,20220622,12,1322
VDS0009a,20220622,13,899
VDS0009a,20220622,14,410
VDS0009a,20220622,15,859
VDS0009a,20220622,16,1068
VDS0009a,20220622,17,1103
VDS0009a,20220622,18,825
VDS0009a,20220622,19,576
VDS0009a,20220622,20,589
VDS0009a,20220622,21,887
VDS0009a,20220622,22,1058
VDS0009a,20220622,23,255
VDS0009a,20220623,00,281
VDS0009a,20220623,01,192
VDS0009a,20220623,02,103
VDS0009a,20220623,03,105
VDS0009a,20220623,04,101
VDS0009a,20220623,05,134
VDS0009a,20220623,06,321
VDS0009a,20220623,07,756
VDS0009a,20220623,08,1402
VDS0009a,20220623,09,1823
VDS0009a,20220623,10,1393
VDS0009a,20220623,11,1250
VDS0009a,20220623,12,1235
VDS0009a,20220623,13,1226
VDS0009a,20220623,14,986
VDS0009a,20220623,15,994
VDS0009a,20220623,16,966
VDS0009a,20220623,17,1149
VDS0009a,20220623,18,1106
VDS0009a,20220623,19,939
VDS0009a,20220623,20,796
VDS0009a,20220623,21,556
VDS0009a,20220623,22,564
VDS0009a,20220623,23,399
VDS0009a,20220624,00,248
VDS0009a,20220624,01,205
VDS0009a,20220624,02,116
VDS0009a,20220624,03,89
VDS0009a,20220624,04,97
VDS0009a,20220624,05,132
VDS0009a,20220624,06,255
VDS0009a,20220624,07,563
VDS0009a,20220624,08,1678
VDS0009a,20220624,08,1160
VDS0009a,20220624,09,1331
VDS0009a,20220624,10,1201
VDS0009a,20220624,12,970
VDS0009a,20220624,13,1292
VDS0009a,20220624,14,1116
VDS0009a,20220624,15,1126
VDS0009a,20220624,16,1184
VDS0009a,20220624,17,1278
VDS0009a,20220624,18,1233
VDS0009a,20220624,19,1205
VDS0009a,20220624,20,1139
VDS0009a,20220624,21,803
VDS0009a,20220624,22,748
VDS0009a,20220624,23,534
VDS0009a,20220625,00,906
VDS0009a,20220625,01,249
VDS0009a,20220625,02,208
VDS0009a,20220625,03,113
VDS0009a,20220625,04,123
VDS0009a,20220625,05,120
VDS0009a,20220625,06,267
VDS0009a,20220625,07,632
VDS0009a,20220625,08,843
VDS0009a,20220625,09,993
VDS0009a,20220625,10,1481
VDS0009a,20220625,11,1687
VDS0009a,20220625,12,1866
VDS0009a,20220625,13,1749
VDS0009a,20220625,14,1627
VDS0009a,20220625,15,1511
VDS0009a,20220625,16,1497
VDS0009a,20220625,17,1337
VDS0009a,20220625,18,1407
VDS0009a,20220625,19,567
VDS0009a,20220625,20,928
VDS0009a,20220625,21,644
VDS0009a,20220625,22,615
VDS0009a,20220625,23,480
VDS0009a,20220626,00,319
VDS0009a,20220626,01,178
VDS0009a,20220626,02,126
VDS0009a,20220626,03,93
VDS0009a,20220626,04,90
VDS0009a,20220626,05,101
VDS0009a,20220626,06,207
VDS0009a,20220626,07,439
VDS0009a,20220626,08,539
VDS0009a,20220626,09,686
VDS0009a,20220626,10,983
VDS0009a,20220626,11,1210
VDS0009a,20220626,12,1497
VDS0009a,20220626,13,1343
VDS0009a,20220626,14,1168
VDS0009a,20220626,15,1170
VDS0009a,20220626,16,1187
VDS0009a,20220626,17,1110
VDS0009a,20220626,18,1129
VDS0009a,20220626,19,1083
VDS0009a,20220626,20,772
VDS0009a,20220626,21,702
VDS0009a,20220626,22,619
VDS0009a,20220626,23,402
VDS0009a,20220627,00,275
VDS0009a,20220627,01,149
VDS0009a,20220627,02,111
VDS0009a,20220627,03,76
VDS0009a,20220627,04,75
VDS0009a,20220627,05,134
VDS0009a,20220627,06,370
VDS0009a,20220627,07,939
VDS0009a,20220627,08,1649
VDS0009a,20220627,09,1894
VDS0009a,20220627,10,1386
VDS0009a,20220627,11,1163
VDS0009a,20220627,12,1241
VDS0009a,20220627,13,1190
VDS0009a,20220627,14,1026
VDS0009a,20220627,15,892
VDS0009a,20220627,16,991
VDS0009a,20220627,17,1168
VDS0009a,20220627,18,1212
VDS0009a,20220627,19,1032
VDS0009a,20220627,20,759
VDS0009a,20220627,21,612
VDS0009a,20220627,22,565
VDS0009a,20220627,23,441
VDS0009a,20220628,00,278
VDS0009a,20220628,01,307
VDS0009a,20220628,02,142
VDS0009a,20220628,03,98
VDS0009a,20220628,04,129
VDS0009a,20220628,05,134
VDS0009a,20220628,06,320
VDS0009a,20220628,07,582
VDS0009a,20220628,08,1380
VDS0009a,20220628,09,1836
VDS0009a,20220628,10,1363
VDS0009a,20220628,11,1153
VDS0009a,20220628,12,1328
VDS0009a,20220628,13,1210
VDS0009a,20220628,14,1035
VDS0009a,20220628,15,995
VDS0009a,20220628,16,1046
VDS0009a,20220628,17,960
VDS0009a,20220628,18,1232
VDS0009a,20220628,19,1078
VDS0009a,20220628,20,880
VDS0009a,20220628,21,537
VDS0009a,20220628,22,612
VDS0009a,20220628,23,660
VDS0009a,20220629,00,307
VDS0009a,20220629,01,207
VDS0009a,20220629,02,104
VDS0009a,20220629,03,108
VDS0009a,20220629,04,86
VDS0009a,20220629,05,118
VDS0009a,20220629,06,235
VDS0009a,20220629,07,648
VDS0009a,20220629,08,1252
VDS0009a,20220629,09,1692
VDS0009a,20220629,10,1273
VDS0009a,20220629,11,1031
VDS0009a,20220629,12,1219
VDS0009a,20220629,13,1137
VDS0009a,20220629,14,1058
VDS0009a,20220629,15,1014
VDS0009a,20220629,16,985
VDS0009a,20220629,17,1076
VDS0009a,20220629,18,1104
VDS0009a,20220629,19,984
VDS0009a,20220629,20,842
VDS0009a,20220629,21,662
VDS0009a,20220629,22,649
VDS0009a,20220629,23,486
VDS0009a,20220630,00,318
VDS0009a,20220630,00,219
VDS0009a,20220630,01,114
VDS0009a,20220630,03,79
VDS0009a,20220630,04,97
VDS0009a,20220630,05,136
VDS0009a,20220630,06,272
VDS0009a,20220630,07,677
VDS0009a,20220630,08,1334
VDS0009a,20220630,09,1751
VDS0009a,20220630,10,1303
VDS0009a,20220630,11,1188
VDS0009a,20220630,12,1187
VDS0009a,20220630,13,1198
VDS0009a,20220630,14,979
VDS0009a,20220630,15,1036
VDS0009a,20220630,16,948
VDS0009a,20220630,17,1208
VDS0009a,20220630,18,1065
VDS0009a,20220630,19,1056
VDS0009a,20220630,20,858
VDS0009a,20220630,21,607
VDS0009a,20220630,22,620
VDS0009a,20220630,23,514
VDS0010b,20220601,00,336
VDS0010b,20220601,01,199
VDS0010b,20220601,02,111
VDS0010b,20220601,03,95
VDS0010b,20220601,04,79
VDS0010b,20220601,05,99
VDS0010b,20220601,06,190
VDS0010b,20220601,07,402
VDS0010b,20220601,08,422
VDS0010b,20220601,09,483
VDS0010b,20220601,10,617
VDS0010b,20220601,11,923
VDS0010b,20220601,12,1063
VDS0010b,20220601,13,1104
VDS0010b,20220601,14,1197
VDS0010b,20220601,15,1411
VDS0010b,20220601,16,1486
VDS0010b,20220601,17,1379
VDS0010b,20220601,18,1423
VDS0010b,20220601,19,1314
VDS0010b,20220601,20,1088
VDS0010b,20220601,21,1032
VDS0010b,20220601,22,777
VDS0010b,20220601,23,462
VDS0010b,20220602,00,268
VDS0010b,20220602,01,151
VDS0010b,20220602,02,85
VDS0010b,20220602,03,50
VDS0010b,20220602,04,75
VDS0010b,20220602,05,91
VDS0010b,20220602,06,235
VDS0010b,20220602,07,663
VDS0010b,20220602,08,721
VDS0010b,20220602,09,1066
VDS0010b,20220602,10,737
VDS0010b,20220602,11,806
VDS0010b,20220602,12,904
VDS0010b,20220602,13,800
VDS0010b,20220602,14,1028
VDS0010b,20220602,15,944
VDS0010b,20220602,16,993
VDS0010b,20220602,17,1027
VDS0010b,20220602,18,1300
VDS0010b,20220602,19,1526
VDS0010b,20220602,20,1277
VDS0010b,20220602,21,770
VDS0010b,20220602,22,637
VDS0010b,20220602,23,470
VDS0010b,20220603,00,752
VDS0010b,20220603,01,439
VDS0010b,20220603,02,78
VDS0010b,20220603,03,97
VDS0010b,20220603,04,437
VDS0010b,20220603,05,59
VDS0010b,20220603,06,239
VDS0010b,20220603,07,710
VDS0010b,20220603,08,689
VDS0010b,20220603,09,1067
VDS0010b,20220603,10,753
VDS0010b,20220603,11,587
VDS0010b,20220603,12,1054
VDS0010b,20220603,13,710
VDS0010b,20220603,14,1088
VDS0010b,20220603,15,1417
VDS0010b,20220603,16,1252
VDS0010b,20220603,17,1321
VDS0010b,20220603,18,1521
VDS0010b,20220603,19,1704
VDS0010b,20220603,20,1598
VDS0010b,20220603,21,1190
VDS0010b,20220603,22,1000
VDS0010b,20220603,23,626
VDS0010b,20220604,00,343
VDS0010b,20220604,01,210
VDS0010b,20220604,02,118
VDS0010b,20220604,03,92
VDS0010b,20220604,04,76
VDS0010b,20220604,05,80
VDS0010b,20220604,06,199
VDS0010b,20220604,07,504
VDS0010b,20220604,08,429
VDS0010b,20220604,09,570
VDS0010b,20220604,10,848
VDS0010b,20220604,11,934
VDS0010b,20220604,12,1043
VDS0010b,20220604,13,1090
VDS0010b,20220604,14,1150
VDS0010b,20220604,15,1321
VDS0010b,20220604,16,1313
VDS0010b,20220604,17,1341
VDS0010b,20220604,18,1303
VDS0010b,20220604,19,1396
VDS0010b,20220604,20,1235
VDS0010b,20220604,21,1092
VDS0010b,20220604,22,925
VDS0010b,20220604,23,638
VDS0010b,20220605,00,390
VDS0010b,20220605,01,231
VDS0010b,20220605,02,152
VDS0010b,20220605,03,77
VDS0010b,20220605,04,65
VDS0010b,20220605,05,50
VDS0010b,20220605,06,112
VDS0010b,20220605,07,229
VDS0010b,20220605,08,265
VDS0010b,20220605,09,355
VDS0010b,20220605,10,499
VDS0010b,20220605,11,737
VDS0010b,20220605,12,898
VDS0010b,20220605,13,1018
VDS0010b,20220605,14,1207
VDS0010b,20220605,15,1466
VDS0010b,20220605,16,1391
VDS0010b,20220605,16,1483
VDS0010b,20220605,17,1870
VDS0010b,20220605,18,1726
VDS0010b,20220605,19,1383
VDS0010b,20220605,20,1280
VDS0010b,20220605,21,697
VDS0010b,20220605,23,398
VDS0010b,20220606,00,323
VDS0010b,20220606,01,214
VDS0010b,20220606,02,130
VDS0010b,20220606,03,67
VDS0010b,20220606,04,65
VDS0010b,20220606,05,76
VDS0010b,20220606,06,157
VDS0010b,20220606,07,353
VDS0010b,20220606,08,278
VDS0010b,20220606,09,385
VDS0010b,20220606,10,583
VDS0010b,20220606,11,848
VDS0010b,20220606,12,1104
VDS0010b,20220606,13,1215
VDS0010b,20220606,14,1539
VDS0010b,20220606,15,1655
VDS0010b,20220606,16,1433
VDS0010b,20220606,17,1533
VDS0010b,20220606,18,1731
VDS0010b,20220606,19,1485
VDS0010b,20220606,20,1089
VDS0010b,20220606,21,1024
VDS0010b,20220606,22,740
VDS0010b,20220606,23,491
VDS0010b,20220607,00,255
VDS0010b,20220607,01,174
VDS0010b,20220607,02,88
VDS0010b,20220607,03,59
VDS0010b,20220607,04,48
VDS0010b,20220607,05,80
VDS0010b,20220607,06,236
VDS0010b,20220607,07,765
VDS0010b,20220607,08,740
VDS0010b,20220607,09,1034
VDS0010b,20220607,10,822
VDS0010b,20220607,11,839
VDS0010b,20220607,12,722
VDS0010b,20220607,13,1012
VDS0010b,20220607,14,1076
VDS0010b,20220607,15,1094
VDS0010b,20220607,16,956
VDS0010b,20220607,17,1169
VDS0010b,20220607,18,1407
VDS0010b,20220607,19,1688
VDS0010b,20220607,20,1224
VDS0010b,20220607,21,758
VDS0010b,20220607,22,634
VDS0010b,20220607,23,473
VDS0010b,20220608,00,230
VDS0010b,20220608,01,151
VDS0010b,20220608,02,64
VDS0010b,20220608,03,66
VDS0010b,20220608,04,47
VDS0010b,20220608,05,75
VDS0010b,20220608,06,207
VDS0010b,20220608,07,716
VDS0010b,20220608,08,651
VDS0010b,20220608,09,925
VDS0010b,20220608,10,769
VDS0010b,20220608,11,848
VDS0010b,20220608,12,817
VDS0010b,20220608,13,882
VDS0010b,20220608,14,1058
VDS0010b,20220608,15,909
VDS0010b,20220608,16,992
VDS0010b,20220608,17,1016
VDS0010b,20220608,18,1344
VDS0010b,20220608,19,1563
VDS0010b,20220608,20,1229
VDS0010b,20220608,21,766
VDS0010b,20220608,22,717
VDS0010b,20220608,23,461
VDS0010b,20220609,00,270
VDS0010b,20220609,01,167
VDS0010b,20220609,02,97
VDS0010b,20220609,03,59
VDS0010b,20220609,04,60
VDS0010b,20220609,05,60
VDS0010b,20220609,06,200
VDS0010b,20220609,07,611
VDS0010b,20220609,08,697
VDS0010b,20220609,09,964
VDS0010b,20220609,10,833
VDS0010b,20220609,11,872
VDS0010b,20220609,12,704
VDS0010b,20220609,13,871
VDS0010b,20220609,14,906
VDS0010b,20220609,15,997
VDS0010b,20220609,16,949
VDS0010b,20220609,17,1121
VDS0010b,20220609,18,1400
VDS0010b,20220609,19,1606
VDS0010b,20220609,20,1297
VDS0010b,20220609,21,882
VDS0010b,20220609,22,777
VDS0010b,20220609,23,553
VDS0010b,20220610,00,259
VDS0010b,20220610,01,167
VDS0010b,20220610,02,92
VDS0010b,20220610,03,61
VDS0010b,20220610,04,71
VDS0010b,20220610,05,79
VDS0010b,20220610,06,182
VDS0010b,20220610,07,676
VDS0010b,20220610,08,669
VDS0010b,20220610,09,976
VDS0010b,20220610,10,872
VDS0010b,20220610,11,818
VDS0010b,20220610,12,781
VDS0010b,20220610,13,905
VDS0010b,20220610,14,1053
VDS0010b,20220610,15,1086
VDS0010b,20220610,16,1153
VDS0010b,20220610,17,1416
VDS0010b,20220610,18,1561
VDS0010b,20220610,19,1657
VDS0010b,20220610,20,1409
VDS0010b,20220610,20,916
VDS0010b,20220610,21,826
VDS0010b,20220610,22,578
VDS0010b,20220611,00,181
VDS0010b,20220611,01,909
VDS0010b,20220611,02,596
VDS0010b,20220611,03,154
VDS0010b,20220611,04,57
VDS0010b,20220611,05,52
VDS0010b,20220611,06,688
VDS0010b,20220611,07,518
VDS0010b,20220611,08,401
VDS0010b,20220611,09,230
VDS0010b,20220611,10,374
VDS0010b,20220611,11,1060
VDS0010b,20220611,12,1001
VDS0010b,20220611,13,1054
VDS0010b,20220611,14,932
VDS0010b,20220611,15,841
VDS0010b,20220611,16,1174
VDS0010b,20220611,17,1226
VDS0010b,20220611,18,1330
VDS0010b,20220611,19,1235
VDS0010b,20220611,20,1095
VDS0010b,20220611,21,777
VDS0010b,20220611,22,839
VDS0010b,20220611,23,942
VDS0010b,20220612,00,361
VDS0010b,20220612,01,243
VDS0010b,20220612,02,142
VDS0010b,20220612,03,91
VDS0010b,20220612,04,64
VDS0010b,20220612,05,75
VDS0010b,20220612,06,107
VDS0010b,20220612,07,199
VDS0010b,20220612,08,253
VDS0010b,20220612,09,367
VDS0010b,20220612,10,525
VDS0010b,20220612,11,671
VDS0010b,20220612,12,848
VDS0010b,20220612,13,1084
VDS0010b,20220612,14,1206
VDS0010b,20220612,15,1403
VDS0010b,20220612,16,1455
VDS0010b,20220612,17,1375
VDS0010b,20220612,18,1470
VDS0010b,20220612,19,1282
VDS0010b,20220612,20,1235
VDS0010b,20220612,21,983
VDS0010b,20220612,22,727
VDS0010b,20220612,23,443
VDS0010b,20220613,00,300
VDS0010b,20220613,01,167
VDS0010b,20220613,02,86
VDS0010b,20220613,03,65
VDS0010b,20220613,04,46
VDS0010b,20220613,05,88
VDS0010b,20220613,06,226
VDS0010b,20220613,07,658
VDS0010b,20220613,08,743
VDS0010b,20220613,09,1006
VDS0010b,20220613,10,874
VDS0010b,20220613,11,754
VDS0010b,20220613,12,748
VDS0010b,20220613,13,911
VDS0010b,20220613,14,1008
VDS0010b,20220613,15,1041
VDS0010b,20220613,16,1020
VDS0010b,20220613,17,1110
VDS0010b,20220613,18,1503
VDS0010b,20220613,19,1679
VDS0010b,20220613,20,1243
VDS0010b,20220613,21,857
VDS0010b,20220613,22,731
VDS0010b,20220613,23,368
VDS0010b,20220614,00,227
VDS0010b,20220614,01,141
VDS0010b,20220614,02,92
VDS0010b,20220614,03,59
VDS0010b,20220614,04,68
VDS0010b,20220614,05,64
VDS0010b,20220614,06,192
VDS0010b,20220614,07,631
VDS0010b,20220614,08,754
VDS0010b,20220614,09,1081
VDS0010b,20220614,10,825
VDS0010b,20220614,11,827
VDS0010b,20220614,12,675
VDS0010b,20220614,13,905
VDS0010b,20220614,14,976
VDS0010b,20220614,15,1069
VDS0010b,20220614,16,993
VDS0010b,20220614,17,1161
VDS0010b,20220614,18,1295
VDS0010b,20220614,19,1564
VDS0010b,20220614,20,1223
VDS0010b,20220614,21,927
VDS0010b,20220614,22,604
VDS0010b,20220614,23,483
VDS0010b,20220615,00,250
VDS0010b,20220615,01,165
VDS0010b,20220615,02,69
VDS0010b,20220615,03,69
VDS0010b,20220615,04,61
VDS0010b,20220615,05,61
VDS0010b,20220615,06,203
VDS0010b,20220615,07,615
VDS0010b,20220615,08,688
VDS0010b,20220615,09,1130
VDS0010b,20220615,10,881
VDS0010b,20220615,11,771
VDS0010b,20220615,12,756
VDS0010b,20220615,13,892
VDS0010b,20220615,14,1243
VDS0010b,20220615,15,1079
VDS0010b,20220615,16,1095
VDS0010b,20220615,17,1177
VDS0010b,20220615,18,1395
VDS0010b,20220615,19,1462
VDS0010b,20220615,20,1236
VDS0010b,20220615,21,726
VDS0010b,20220615,21,856
VDS0010b,20220615,22,490
VDS0010b,20220616,00,200
VDS0010b,20220616,01,213
VDS0010b,20220616,02,640
VDS0010b,20220616,03,69
VDS0010b,20220616,04,502
VDS0010b,20220616,05,525
VDS0010b,20220616,06,208
VDS0010b,20220616,07,271
VDS0010b,20220616,08,251
VDS0010b,20220616,09,367
VDS0010b,20220616,10,900
VDS0010b,20220616,11,829
VDS0010b,20220616,12,836
VDS0010b,20220616,13,958
VDS0010b,20220616,14,1123
VDS0010b,20220616,15,999
VDS0010b,20220616,16,1002
VDS0010b,20220616,17,1244
VDS0010b,20220616,18,1510
VDS0010b,20220616,19,1607
VDS0010b,20220616,20,1161
VDS0010b,20220616,21,809
VDS0010b,20220616,22,722
VDS0010b,20220616,23,595
VDS0010b,20220617,00,248
VDS0010b,20220617,01,172
VDS0010b,20220617,02,109
VDS0010b,20220617,03,77
VDS0010b,20220617,04,81
VDS0010b,20220617,05,85
VDS0010b,20220617,06,197
VDS0010b,20220617,07,754
VDS0010b,20220617,08,812
VDS0010b,20220617,09,1022
VDS0010b,20220617,10,918
VDS0010b,20220617,11,942
VDS0010b,20220617,12,739
VDS0010b,20220617,13,1011
VDS0010b,20220617,14,1166
VDS0010b,20220617,15,1167
VDS0010b,20220617,16,1165
VDS0010b,20220617,17,1316
VDS0010b,20220617,18,1628
VDS0010b,20220617,19,1673
VDS0010b,20220617,20,1506
VDS0010b,20220617,21,886
VDS0010b,20220617,22,729
VDS0010b,20220617,23,566
VDS0010b,20220618,00,305
VDS0010b,20220618,01,211
VDS0010b,20220618,02,130
VDS0010b,20220618,03,71
VDS0010b,20220618,04,229
VDS0010b,20220618,05,78
VDS0010b,20220618,06,175
VDS0010b,20220618,07,336
VDS0010b,20220618,08,470
VDS0010b,20220618,09,613
VDS0010b,20220618,10,876
VDS0010b,20220618,11,959
VDS0010b,20220618,12,1053
VDS0010b,20220618,13,1155
VDS0010b,20220618,14,1362
VDS0010b,20220618,15,1416
VDS0010b,20220618,16,1449
VDS0010b,20220618,17,1356
VDS0010b,20220618,18,1499
VDS0010b,20220618,19,1427
VDS0010b,20220618,20,1267
VDS0010b,20220618,21,1055
VDS0010b,20220618,22,902
VDS0010b,20220618,23,590
VDS0010b,20220619,00,395
VDS0010b,20220619,01,240
VDS0010b,20220619,02,153
VDS0010b,20220619,03,80
VDS0010b,20220619,04,77
VDS0010b,20220619,05,57
VDS0010b,20220619,06,93
VDS0010b,20220619,07,230
VDS0010b,20220619,08,244
VDS0010b,20220619,09,359
VDS0010b,20220619,10,632
VDS0010b,20220619,11,917
VDS0010b,20220619,12,937
VDS0010b,20220619,13,1224
VDS0010b,20220619,14,1517
VDS0010b,20220619,15,1534
VDS0010b,20220619,16,1676
VDS0010b,20220619,17,1413
VDS0010b,20220619,18,1725
VDS0010b,20220619,19,1453
VDS0010b,20220619,20,1324
VDS0010b,20220619,21,1059
VDS0010b,20220619,22,705
VDS0010b,20220619,23,457
VDS0010b,20220620,00,222
VDS0010b,20220620,01,144
VDS0010b,20220620,02,80
VDS0010b,20220620,03,65
VDS0010b,20220620,04,64
VDS0010b,20220620,05,88
VDS0010b,20220620,06,233
VDS0010b,20220620,07,810
VDS0010b,20220620,08,860
VDS0010b,20220620,09,1189
VDS0010b,20220620,10,867
VDS0010b,20220620,11,917
VDS0010b,20220620,12,775
VDS0010b,20220620,13,1015
VDS0010b,20220620,14,996
VDS0010b,20220620,15,1121
VDS0010b,20220620,16,928
VDS0010b,20220620,17,1207
VDS0010b,20220620,18,1215
VDS0010b,20220620,19,1509
VDS0010b,20220620,20,1213
VDS0010b,20220620,21,765
VDS0010b,20220620,22,675
VDS0010b,20220620,23,433
VDS0010b,20220621,00,266
VDS0010b,20220621,01,140
VDS0010b,20220621,02,87
VDS0010b,20220621,03,74
VDS0010b,20220621,04,63
VDS0010b,20220621,05,81
VDS0010b,20220621,06,240
VDS0010b,20220621,07,627
VDS0010b,20220621,08,744
VDS0010b,20220621,09,951
VDS0010b,20220621,10,923
VDS0010b,20220621,11,840
VDS0010b,20220621,12,814
VDS0010b,20220621,13,916
VDS0010b,20220621,14,1155
VDS0010b,20220621,15,1050
VDS0010b,20220621,16,1166
VDS0010b,20220621,17,1047
VDS0010b,20220621,18,1443
VDS0010b,20220621,19,1694
VDS0010b,20220621,20,1271
VDS0010b,20220621,21,858
VDS0010b,20220621,22,739
VDS0010b,20220621,23,510
VDS0010b,20220622,00,271
VDS0010b,20220622,01,186
VDS0010b,20220622,02,104
VDS0010b,20220622,03,76
VDS0010b,20220622,04,48
VDS0010b,20220622,05,80
VDS0010b,20220622,06,216
VDS0010b,20220622,07,658
VDS0010b,20220622,08,733
VDS0010b,20220622,09,998
VDS0010b,20220622,10,872
VDS0010b,20220622,11,811
VDS0010b,20220622,12,760
VDS0010b,20220622,13,945
VDS0010b,20220622,14,1165
VDS0010b,20220622,15,1022
VDS0010b,20220622,16,1161
VDS0010b,20220622,17,1210
VDS0010b,20220622,18,1592
VDS0010b,20220622,19,1719
VDS0010b,20220622,20,1318
VDS0010b,20220622,21,810
VDS0010b,20220622,22,782
VDS0010b,20220622,23,618
VDS0010b,20220623,00,286
VDS0010b,20220623,01,174
VDS0010b,20220623,02,104
VDS0010b,20220623,03,75
VDS0010b,20220623,04,47
VDS0010b,20220623,05,75
VDS0010b,20220623,06,238
VDS0010b,20220623,07,651
VDS0010b,20220623,08,705
VDS0010b,20220623,09,1095
VDS0010b,20220623,10,945
VDS0010b,20220623,11,903
VDS0010b,20220623,12,880
VDS0010b,20220623,13,923
VDS0010b,20220623,14,1114
VDS0010b,20220623,15,1017
VDS0010b,20220623,16,880
VDS0010b,20220623,17,1043
VDS0010b,20220623,18,1380
VDS0010b,20220623,19,1647
VDS0010b,20220623,20,968
VDS0010b,20220623,21,744
VDS0010b,20220623,22,651
VDS0010b,20220623,23,436
VDS0010b,20220624,00,232
VDS0010b,20220624,01,165
VDS0010b,20220624,02,79
VDS0010b,20220624,03,53
VDS0010b,20220624,04,78
VDS0010b,20220624,05,62
VDS0010b,20220624,06,182
VDS0010b,20220624,07,580
VDS0010b,20220624,08,958
VDS0010b,20220624,08,678
VDS0010b,20220624,09,895
VDS0010b,20220624,10,884
VDS0010b,20220624,12,671
VDS0010b,20220624,13,981
VDS0010b,20220624,14,1106
VDS0010b,20220624,15,1178
VDS0010b,20220624,16,1227
VDS0010b,20220624,17,1400
VDS0010b,20220624,18,1591
VDS0010b,20220624,19,1775
VDS0010b,20220624,20,1313
VDS0010b,20220624,21,929
VDS0010b,20220624,22,782
VDS0010b,20220624,23,569
VDS0010b,20220625,00,320
VDS0010b,20220625,01,195
VDS0010b,20220625,02,147
VDS0010b,20220625,03,103
VDS0010b,20220625,04,86
VDS0010b,20220625,05,73
VDS0010b,20220625,06,194
VDS0010b,20220625,07,427
VDS0010b,20220625,08,443
VDS0010b,20220625,09,606
VDS0010b,20220625,10,846
VDS0010b,20220625,11,900
VDS0010b,20220625,12,1075
VDS0010b,20220625,13,1112
VDS0010b,20220625,14,1275
VDS0010b,20220625,15,1201
VDS0010b,20220625,16,1273
VDS0010b,20220625,17,1201
VDS0010b,20220625,18,1276
VDS0010b,20220625,19,1201
VDS0010b,20220625,20,1183
VDS0010b,20220625,21,984
VDS0010b,20220625,22,794
VDS0010b,20220625,23,706
VDS0010b,20220626,00,426
VDS0010b,20220626,01,193
VDS0010b,20220626,02,141
VDS0010b,20220626,03,99
VDS0010b,20220626,04,70
VDS0010b,20220626,05,61
VDS0010b,20220626,06,95
VDS0010b,20220626,07,642
VDS0010b,20220626,08,212
VDS0010b,20220626,09,420
VDS0010b,20220626,10,428
VDS0010b,20220626,11,704
VDS0010b,20220626,12,863
VDS0010b,20220626,13,995
VDS0010b,20220626,14,1270
VDS0010b,20220626,15,1455
VDS0010b,20220626,16,1037
VDS0010b,20220626,17,1315
VDS0010b,20220626,18,1406
VDS0010b,20220626,19,1199
VDS0010b,20220626,20,1193
VDS0010b,20220626,21,969
VDS0010b,20220626,22,804
VDS0010b,20220626,23,521
VDS0010b,20220627,00,256
VDS0010b,20220627,01,189
VDS0010b,20220627,02,78
VDS0010b,20220627,03,57
VDS0010b,20220627,04,49
VDS0010b,20220627,05,78
VDS0010b,20220627,06,234
VDS0010b,20220627,07,642
VDS0010b,20220627,08,802
VDS0010b,20220627,09,1089
VDS0010b,20220627,10,970
VDS0010b,20220627,11,910
VDS0010b,20220627,12,827
VDS0010b,20220627,13,1120
VDS0010b,20220627,14,994
VDS0010b,20220627,15,1096
VDS0010b,20220627,16,984
VDS0010b,20220627,17,1180
VDS0010b,20220627,18,1342
VDS0010b,20220627,19,1433
VDS0010b,20220627,20,1073
VDS0010b,20220627,21,748
VDS0010b,20220627,22,592
VDS0010b,20220627,23,457
VDS0010b,20220628,00,246
VDS0010b,20220628,01,120
VDS0010b,20220628,02,107
VDS0010b,20220628,03,70
VDS0010b,20220628,04,70
VDS0010b,20220628,05,91
VDS0010b,20220628,06,181
VDS0010b,20220628,07,678
VDS0010b,20220628,08,652
VDS0010b,20220628,09,1014
VDS0010b,20220628,10,909
VDS0010b,20220628,11,875
VDS0010b,20220628,12,749
VDS0010b,20220628,13,985
VDS0010b,20220628,14,1077
VDS0010b,20220628,15,1080
VDS0010b,20220628,16,994
VDS0010b,20220628,17,1288
VDS0010b,20220628,18,1540
VDS0010b,20220628,19,1732
VDS0010b,20220628,20,1109
VDS0010b,20220628,21,914
VDS0010b,20220628,22,847
VDS0010b,20220628,23,566
VDS0010b,20220629,00,309
VDS0010b,20220629,01,184
VDS0010b,20220629,02,95
VDS0010b,20220629,03,69
VDS0010b,20220629,04,62
VDS0010b,20220629,05,71
VDS0010b,20220629,06,124
VDS0010b,20220629,07,463
VDS0010b,20220629,08,670
VDS0010b,20220629,09,891
VDS0010b,20220629,10,794
VDS0010b,20220629,11,744
VDS0010b,20220629,12,747
VDS0010b,20220629,13,869
VDS0010b,20220629,14,1029
VDS0010b,20220629,15,899
VDS0010b,20220629,16,1012
VDS0010b,20220629,17,999
VDS0010b,20220629,18,1317
VDS0010b,20220629,19,1419
VDS0010b,20220629,20,1134
VDS0010b,20220629,21,718
VDS0010b,20220629,22,677
VDS0010b,20220629,23,452
VDS0010b,20220630,00,136
VDS0010b,20220630,00,249
VDS0010b,20220630,01,105
VDS0010b,20220630,03,70
VDS0010b,20220630,04,63
VDS0010b,20220630,05,74
VDS0010b,20220630,06,196
VDS0010b,20220630,07,543
VDS0010b,20220630,08,771
VDS0010b,20220630,09,999
VDS0010b,20220630,10,886
VDS0010b,20220630,11,965
VDS0010b,20220630,12,738
VDS0010b,20220630,13,994
VDS0010b,20220630,14,1047
VDS0010b,20220630,15,1050
VDS0010b,20220630,16,956
VDS0010b,20220630,17,940
VDS0010b,20220630,18,1065
VDS0010b,20220630,19,1724
VDS0010b,20220630,20,1180
VDS0010b,20220630,21,863
VDS0010b,20220630,22,740
VDS0010b,20220630,23,512
VDS0020b,20220601,00,247
VDS0020b,20220601,01,133
VDS0020b,20220601,02,106
VDS0020b,20220601,03,65
VDS0020b,20220601,04,37
VDS0020b,20220601,05,51
VDS0020b,20220601,06,81
VDS0020b,20220601,07,102
VDS0020b,20220601,08,183
VDS0020b,20220601,09,263
VDS0020b,20220601,10,408
VDS0020b,20220601,11,524
VDS0020b,20220601,12,588
VDS0020b,20220601,13,556
VDS0020b,20220601,14,528
VDS0020b,20220601,15,658
VDS0020b,20220601,16,645
VDS0020b,20220601,17,632
VDS0020b,20220601,18,682
VDS0020b,20220601,19,566
VDS0020b,20220601,20,403
VDS0020b,20220601,21,411
VDS0020b,20220601,22,340
VDS0020b,20220601,23,185
VDS0020b,20220602,00,127
VDS0020b,20220602,01,84
VDS0020b,20220602,02,37
VDS0020b,20220602,03,30
VDS0020b,20220602,04,34
VDS0020b,20220602,05,28
VDS0020b,20220602,06,91
VDS0020b,20220602,07,217
VDS0020b,20220602,08,596
VDS0020b,20220602,09,558
VDS0020b,20220602,10,726
VDS0020b,20220602,11,492
VDS0020b,20220602,12,497
VDS0020b,20220602,13,471
VDS0020b,20220602,14,429
VDS0020b,20220602,15,539
VDS0020b,20220602,16,529
VDS0020b,20220602,17,667
VDS0020b,20220602,18,803
VDS0020b,20220602,19,993
VDS0020b,20220602,20,631
VDS0020b,20220602,21,447
VDS0020b,20220602,22,418
VDS0020b,20220602,23,354
VDS0020b,20220603,00,185
VDS0020b,20220603,01,84
VDS0020b,20220603,02,51
VDS0020b,20220603,03,52
VDS0020b,20220603,04,30
VDS0020b,20220603,05,28
VDS0020b,20220603,06,65
VDS0020b,20220603,07,171
VDS0020b,20220603,08,530
VDS0020b,20220603,09,845
VDS0020b,20220603,10,591
VDS0020b,20220603,11,523
VDS0020b,20220603,12,594
VDS0020b,20220603,13,515
VDS0020b,20220603,14,493
VDS0020b,20220603,15,504
VDS0020b,20220603,16,706
VDS0020b,20220603,17,894
VDS0020b,20220603,18,841
VDS0020b,20220603,19,1045
VDS0020b,20220603,20,697
VDS0020b,20220603,21,500
VDS0020b,20220603,22,407
VDS0020b,20220603,23,321
VDS0020b,20220604,00,227
VDS0020b,20220604,01,111
VDS0020b,20220604,02,80
VDS0020b,20220604,03,55
VDS0020b,20220604,04,30
VDS0020b,20220604,05,41
VDS0020b,20220604,06,78
VDS0020b,20220604,07,109
VDS0020b,20220604,08,213
VDS0020b,20220604,09,387
VDS0020b,20220604,10,513
VDS0020b,20220604,11,581
VDS0020b,20220604,12,623
VDS0020b,20220604,13,608
VDS0020b,20220604,14,605
VDS0020b,20220604,15,629
VDS0020b,20220604,16,640
VDS0020b,20220604,17,658
VDS0020b,20220604,18,713
VDS0020b,20220604,19,536
VDS0020b,20220604,20,399
VDS0020b,20220604,21,365
VDS0020b,20220604,22,368
VDS0020b,20220604,23,263
VDS0020b,20220605,00,183
VDS0020b,20220605,01,80
VDS0020b,20220605,02,85
VDS0020b,20220605,03,55
VDS0020b,20220605,04,26
VDS0020b,20220605,05,21
VDS0020b,20220605,06,24
VDS0020b,20220605,07,70
VDS0020b,20220605,08,130
VDS0020b,20220605,09,248
VDS0020b,20220605,10,410
VDS0020b,20220605,11,567
VDS0020b,20220605,12,477
VDS0020b,20220605,13,518
VDS0020b,20220605,14,541
VDS0020b,20220605,15,506
VDS0020b,20220605,16,508
VDS0020b,20220605,16,549
VDS0020b,20220605,17,499
VDS0020b,20220605,18,415
VDS0020b,20220605,19,362
VDS0020b,20220605,20,363
VDS0020b,20220605,21,338
VDS0020b,20220605,23,153
VDS0020b,20220606,00,138
VDS0020b,20220606,01,74
VDS0020b,20220606,02,53
VDS0020b,20220606,03,46
VDS0020b,20220606,04,28
VDS0020b,20220606,05,32
VDS0020b,20220606,06,38
VDS0020b,20220606,07,106
VDS0020b,20220606,08,135
VDS0020b,20220606,09,232
VDS0020b,20220606,10,356
VDS0020b,20220606,11,358
VDS0020b,20220606,12,475
VDS0020b,20220606,13,436
VDS0020b,20220606,14,537
VDS0020b,20220606,15,567
VDS0020b,20220606,16,663
VDS0020b,20220606,17,663
VDS0020b,20220606,18,671
VDS0020b,20220606,19,579
VDS0020b,20220606,20,437
VDS0020b,20220606,21,393
VDS0020b,20220606,22,297
VDS0020b,20220606,23,207
VDS0020b,20220607,00,132
VDS0020b,20220607,01,63
VDS0020b,20220607,02,34
VDS0020b,20220607,03,20
VDS0020b,20220607,04,19
VDS0020b,20220607,05,27
VDS0020b,20220607,06,67
VDS0020b,20220607,07,216
VDS0020b,20220607,08,787
VDS0020b,20220607,09,901
VDS0020b,20220607,10,551
VDS0020b,20220607,11,454
VDS0020b,20220607,12,522
VDS0020b,20220607,13,419
VDS0020b,20220607,14,448
VDS0020b,20220607,15,541
VDS0020b,20220607,16,599
VDS0020b,20220607,17,693
VDS0020b,20220607,18,857
VDS0020b,20220607,19,941
VDS0020b,20220607,20,735
VDS0020b,20220607,21,423
VDS0020b,20220607,22,389
VDS0020b,20220607,23,316
VDS0020b,20220608,00,185
VDS0020b,20220608,01,98
VDS0020b,20220608,02,61
VDS0020b,20220608,03,45
VDS0020b,20220608,04,29
VDS0020b,20220608,05,27
VDS0020b,20220608,06,80
VDS0020b,20220608,07,214
VDS0020b,20220608,08,550
VDS0020b,20220608,09,863
VDS0020b,20220608,10,583
VDS0020b,20220608,11,467
VDS0020b,20220608,12,520
VDS0020b,20220608,13,467
VDS0020b,20220608,14,484
VDS0020b,20220608,15,449
VDS0020b,20220608,16,580
VDS0020b,20220608,17,778
VDS0020b,20220608,18,834
VDS0020b,20220608,19,1085
VDS0020b,20220608,20,838
VDS0020b,20220608,21,494
VDS0020b,20220608,22,455
VDS0020b,20220608,23,312
VDS0020b,20220609,00,234
VDS0020b,20220609,01,105
VDS0020b,20220609,02,61
VDS0020b,20220609,03,43
VDS0020b,20220609,04,28
VDS0020b,20220609,05,31
VDS0020b,20220609,06,48
VDS0020b,20220609,07,183
VDS0020b,20220609,08,626
VDS0020b,20220609,09,890
VDS0020b,20220609,10,643
VDS0020b,20220609,11,474
VDS0020b,20220609,12,546
VDS0020b,20220609,13,476
VDS0020b,20220609,14,516
VDS0020b,20220609,15,517
VDS0020b,20220609,16,571
VDS0020b,20220609,17,702
VDS0020b,20220609,18,837
VDS0020b,20220609,19,1032
VDS0020b,20220609,20,641
VDS0020b,20220609,21,424
VDS0020b,20220609,22,433
VDS0020b,20220609,23,394
VDS0020b,20220610,00,249
VDS0020b,20220610,01,97
VDS0020b,20220610,02,56
VDS0020b,20220610,03,52
VDS0020b,20220610,04,33
VDS0020b,20220610,05,26
VDS0020b,20220610,06,57
VDS0020b,20220610,07,176
VDS0020b,20220610,08,612
VDS0020b,20220610,09,850
VDS0020b,20220610,10,613
VDS0020b,20220610,11,543
VDS0020b,20220610,12,540
VDS0020b,20220610,13,491
VDS0020b,20220610,14,530
VDS0020b,20220610,15,570
VDS0020b,20220610,16,658
VDS0020b,20220610,17,797
VDS0020b,20220610,18,964
VDS0020b,20220610,19,1101
VDS0020b,20220610,20,501
VDS0020b,20220610,20,663
VDS0020b,20220610,21,442
VDS0020b,20220610,22,296
VDS0020b,20220611,00,140
VDS0020b,20220611,01,126
VDS0020b,20220611,02,74
VDS0020b,20220611,03,44
VDS0020b,20220611,04,33
VDS0020b,20220611,05,31
VDS0020b,20220611,06,53
VDS0020b,20220611,07,126
VDS0020b,20220611,08,201
VDS0020b,20220611,09,331
VDS0020b,20220611,10,479
VDS0020b,20220611,11,558
VDS0020b,20220611,12,577
VDS0020b,20220611,13,576
VDS0020b,20220611,14,600
VDS0020b,20220611,15,681
VDS0020b,20220611,16,657
VDS0020b,20220611,17,651
VDS0020b,20220611,18,697
VDS0020b,20220611,19,637
VDS0020b,20220611,20,475
VDS0020b,20220611,21,395
VDS0020b,20220611,22,391
VDS0020b,20220611,23,285
VDS0020b,20220612,00,176
VDS0020b,20220612,01,87
VDS0020b,20220612,02,71
VDS0020b,20220612,03,48
VDS0020b,20220612,04,36
VDS0020b,20220612,05,52
VDS0020b,20220612,06,46
VDS0020b,20220612,07,101
VDS0020b,20220612,08,136
VDS0020b,20220612,09,245
VDS0020b,20220612,10,395
VDS0020b,20220612,11,434
VDS0020b,20220612,12,433
VDS0020b,20220612,13,418
VDS0020b,20220612,14,547
VDS0020b,20220612,15,466
VDS0020b,20220612,16,516
VDS0020b,20220612,17,543
VDS0020b,20220612,18,529
VDS0020b,20220612,19,478
VDS0020b,20220612,20,335
VDS0020b,20220612,21,400
VDS0020b,20220612,22,265
VDS0020b,20220612,23,205
VDS0020b,20220613,00,125
VDS0020b,20220613,01,81
VDS0020b,20220613,02,39
VDS0020b,20220613,03,27
VDS0020b,20220613,04,22
VDS0020b,20220613,05,36
VDS0020b,20220613,06,99
VDS0020b,20220613,07,246
VDS0020b,20220613,08,722
VDS0020b,20220613,09,937
VDS0020b,20220613,10,652
VDS0020b,20220613,11,481
VDS0020b,20220613,12,551
VDS0020b,20220613,13,487
VDS0020b,20220613,14,528
VDS0020b,20220613,15,488
VDS0020b,20220613,16,559
VDS0020b,20220613,17,657
VDS0020b,20220613,18,804
VDS0020b,20220613,19,1148
VDS0020b,20220613,20,686
VDS0020b,20220613,21,438
VDS0020b,20220613,22,465
VDS0020b,20220613,23,350
VDS0020b,20220614,00,174
VDS0020b,20220614,01,103
VDS0020b,20220614,02,52
VDS0020b,20220614,03,31
VDS0020b,20220614,04,30
VDS0020b,20220614,05,32
VDS0020b,20220614,06,93
VDS0020b,20220614,07,184
VDS0020b,20220614,08,693
VDS0020b,20220614,09,1019
VDS0020b,20220614,10,678
VDS0020b,20220614,11,470
VDS0020b,20220614,12,502
VDS0020b,20220614,13,527
VDS0020b,20220614,14,439
VDS0020b,20220614,15,462
VDS0020b,20220614,16,503
VDS0020b,20220614,17,627
VDS0020b,20220614,18,764
VDS0020b,20220614,19,1051
VDS0020b,20220614,20,646
VDS0020b,20220614,21,409
VDS0020b,20220614,22,373
VDS0020b,20220614,23,308
VDS0020b,20220615,00,201
VDS0020b,20220615,01,112
VDS0020b,20220615,02,48
VDS0020b,20220615,03,30
VDS0020b,20220615,04,30
VDS0020b,20220615,05,25
VDS0020b,20220615,06,63
VDS0020b,20220615,07,178
VDS0020b,20220615,08,569
VDS0020b,20220615,09,929
VDS0020b,20220615,10,701
VDS0020b,20220615,11,500
VDS0020b,20220615,12,499
VDS0020b,20220615,13,558
VDS0020b,20220615,14,502
VDS0020b,20220615,15,545
VDS0020b,20220615,16,518
VDS0020b,20220615,17,693
VDS0020b,20220615,18,990
VDS0020b,20220615,19,1087
VDS0020b,20220615,20,761
VDS0020b,20220615,21,521
VDS0020b,20220615,21,413
VDS0020b,20220615,22,308
VDS0020b,20220616,00,140
VDS0020b,20220616,01,92
VDS0020b,20220616,02,559
VDS0020b,20220616,03,43
VDS0020b,20220616,04,116
VDS0020b,20220616,05,365
VDS0020b,20220616,06,76
VDS0020b,20220616,07,146
VDS0020b,20220616,08,351
VDS0020b,20220616,09,539
VDS0020b,20220616,10,684
VDS0020b,20220616,11,486
VDS0020b,20220616,12,552
VDS0020b,20220616,13,505
VDS0020b,20220616,14,517
VDS0020b,20220616,15,532
VDS0020b,20220616,16,645
VDS0020b,20220616,17,751
VDS0020b,20220616,18,886
VDS0020b,20220616,19,1050
VDS0020b,20220616,20,726
VDS0020b,20220616,21,453
VDS0020b,20220616,22,457
VDS0020b,20220616,23,355
VDS0020b,20220617,00,201
VDS0020b,20220617,01,106
VDS0020b,20220617,02,67
VDS0020b,20220617,03,38
VDS0020b,20220617,04,36
VDS0020b,20220617,05,28
VDS0020b,20220617,06,55
VDS0020b,20220617,07,182
VDS0020b,20220617,08,601
VDS0020b,20220617,09,838
VDS0020b,20220617,10,592
VDS0020b,20220617,11,520
VDS0020b,20220617,12,548
VDS0020b,20220617,13,579
VDS0020b,20220617,14,471
VDS0020b,20220617,15,570
VDS0020b,20220617,16,675
VDS0020b,20220617,17,801
VDS0020b,20220617,18,933
VDS0020b,20220617,19,1048
VDS0020b,20220617,20,713
VDS0020b,20220617,21,491
VDS0020b,20220617,22,419
VDS0020b,20220617,23,324
VDS0020b,20220618,00,211
VDS0020b,20220618,01,155
VDS0020b,20220618,02,69
VDS0020b,20220618,03,61
VDS0020b,20220618,04,31
VDS0020b,20220618,05,34
VDS0020b,20220618,06,64
VDS0020b,20220618,07,146
VDS0020b,20220618,08,209
VDS0020b,20220618,09,352
VDS0020b,20220618,10,458
VDS0020b,20220618,11,622
VDS0020b,20220618,12,729
VDS0020b,20220618,13,689
VDS0020b,20220618,14,663
VDS0020b,20220618,15,599
VDS0020b,20220618,16,659
VDS0020b,20220618,17,661
VDS0020b,20220618,18,657
VDS0020b,20220618,19,569
VDS0020b,20220618,20,447
VDS0020b,20220618,21,396
VDS0020b,20220618,22,369
VDS0020b,20220618,23,258
VDS0020b,20220619,00,183
VDS0020b,20220619,01,40
VDS0020b,20220619,03,50
VDS0020b,20220619,04,22
VDS0020b,20220619,05,35
VDS0020b,20220619,06,39
VDS0020b,20220619,07,104
VDS0020b,20220619,08,125
VDS0020b,20220619,09,229
VDS0020b,20220619,10,295
VDS0020b,20220619,11,498
VDS0020b,20220619,12,510
VDS0020b,20220619,13,432
VDS0020b,20220619,14,601
VDS0020b,20220619,15,579
VDS0020b,20220619,16,665
VDS0020b,20220619,17,624
VDS0020b,20220619,18,604
VDS0020b,20220619,19,460
VDS0020b,20220619,20,453
VDS0020b,20220619,21,339
VDS0020b,20220619,22,325
VDS0020b,20220619,23,228
VDS0020b,20220620,00,155
VDS0020b,20220620,01,63
VDS0020b,20220620,02,44
VDS0020b,20220620,03,31
VDS0020b,20220620,04,22
VDS0020b,20220620,05,30
VDS0020b,20220620,06,74
VDS0020b,20220620,07,226
VDS0020b,20220620,08,703
VDS0020b,20220620,09,1054
VDS0020b,20220620,10,748
VDS0020b,20220620,11,408
VDS0020b,20220620,12,528
VDS0020b,20220620,13,402
VDS0020b,20220620,14,462
VDS0020b,20220620,15,465
VDS0020b,20220620,16,509
VDS0020b,20220620,17,732
VDS0020b,20220620,18,924
VDS0020b,20220620,19,954
VDS0020b,20220620,20,605
VDS0020b,20220620,21,420
VDS0020b,20220620,22,370
VDS0020b,20220620,23,327
VDS0020b,20220621,00,175
VDS0020b,20220621,01,106
VDS0020b,20220621,02,45
VDS0020b,20220621,03,42
VDS0020b,20220621,04,34
VDS0020b,20220621,05,29
VDS0020b,20220621,06,77
VDS0020b,20220621,07,198
VDS0020b,20220621,08,662
VDS0020b,20220621,09,1019
VDS0020b,20220621,10,716
VDS0020b,20220621,11,453
VDS0020b,20220621,12,559
VDS0020b,20220621,13,558
VDS0020b,20220621,14,478
VDS0020b,20220621,15,527
VDS0020b,20220621,16,587
VDS0020b,20220621,17,769
VDS0020b,20220621,18,862
VDS0020b,20220621,19,996
VDS0020b,20220621,20,619
VDS0020b,20220621,21,432
VDS0020b,20220621,22,443
VDS0020b,20220621,23,314
VDS0020b,20220622,00,186
VDS0020b,20220622,01,129
VDS0020b,20220622,02,69
VDS0020b,20220622,03,35
VDS0020b,20220622,04,31
VDS0020b,20220622,05,35
VDS0020b,20220622,06,75
VDS0020b,20220622,07,179
VDS0020b,20220622,08,586
VDS0020b,20220622,09,1016
VDS0020b,20220622,10,756
VDS0020b,20220622,11,551
VDS0020b,20220622,12,587
VDS0020b,20220622,13,531
VDS0020b,20220622,14,495
VDS0020b,20220622,15,586
VDS0020b,20220622,16,602
VDS0020b,20220622,17,738
VDS0020b,20220622,18,819
VDS0020b,20220622,19,1104
VDS0020b,20220622,20,771
VDS0020b,20220622,21,444
VDS0020b,20220622,22,434
VDS0020b,20220622,23,337
VDS0020b,20220623,00,220
VDS0020b,20220623,01,130
VDS0020b,20220623,02,84
VDS0020b,20220623,03,42
VDS0020b,20220623,04,38
VDS0020b,20220623,05,33
VDS0020b,20220623,06,97
VDS0020b,20220623,07,212
VDS0020b,20220623,08,701
VDS0020b,20220623,09,905
VDS0020b,20220623,10,672
VDS0020b,20220623,11,495
VDS0020b,20220623,12,683
VDS0020b,20220623,13,546
VDS0020b,20220623,14,495
VDS0020b,20220623,15,508
VDS0020b,20220623,16,569
VDS0020b,20220623,17,737
VDS0020b,20220623,18,822
VDS0020b,20220623,19,930
VDS0020b,20220623,20,708
VDS0020b,20220623,21,484
VDS0020b,20220623,22,492
VDS0020b,20220623,23,301
VDS0020b,20220624,00,194
VDS0020b,20220624,01,121
VDS0020b,20220624,02,61
VDS0020b,20220624,03,39
VDS0020b,20220624,04,26
VDS0020b,20220624,05,33
VDS0020b,20220624,06,59
VDS0020b,20220624,07,158
VDS0020b,20220624,08,874
VDS0020b,20220624,08,545
VDS0020b,20220624,09,634
VDS0020b,20220624,10,433
VDS0020b,20220624,12,453
VDS0020b,20220624,13,522
VDS0020b,20220624,14,497
VDS0020b,20220624,15,647
VDS0020b,20220624,16,641
VDS0020b,20220624,17,914
VDS0020b,20220624,18,963
VDS0020b,20220624,19,1085
VDS0020b,20220624,20,744
VDS0020b,20220624,21,493
VDS0020b,20220624,22,503
VDS0020b,20220624,23,454
VDS0020b,20220625,00,230
VDS0020b,20220625,01,131
VDS0020b,20220625,02,70
VDS0020b,20220625,03,38
VDS0020b,20220625,04,47
VDS0020b,20220625,05,38
VDS0020b,20220625,06,61
VDS0020b,20220625,07,139
VDS0020b,20220625,08,216
VDS0020b,20220625,09,315
VDS0020b,20220625,10,507
VDS0020b,20220625,11,572
VDS0020b,20220625,12,619
VDS0020b,20220625,13,581
VDS0020b,20220625,14,565
VDS0020b,20220625,15,633
VDS0020b,20220625,16,675
VDS0020b,20220625,17,721
VDS0020b,20220625,18,627
VDS0020b,20220625,19,573
VDS0020b,20220625,20,402
VDS0020b,20220625,21,465
VDS0020b,20220625,22,363
VDS0020b,20220625,23,281
VDS0020b,20220626,00,204
VDS0020b,20220626,01,73
VDS0020b,20220626,02,72
VDS0020b,20220626,03,48
VDS0020b,20220626,04,18
VDS0020b,20220626,05,27
VDS0020b,20220626,06,39
VDS0020b,20220626,07,87
VDS0020b,20220626,08,108
VDS0020b,20220626,09,217
VDS0020b,20220626,10,344
VDS0020b,20220626,11,423
VDS0020b,20220626,12,453
VDS0020b,20220626,13,386
VDS0020b,20220626,14,451
VDS0020b,20220626,15,455
VDS0020b,20220626,16,510
VDS0020b,20220626,17,518
VDS0020b,20220626,18,447
VDS0020b,20220626,19,442
VDS0020b,20220626,20,334
VDS0020b,20220626,21,334
VDS0020b,20220626,22,263
VDS0020b,20220626,23,204
VDS0020b,20220627,00,117
VDS0020b,20220627,01,64
VDS0020b,20220627,02,43
VDS0020b,20220627,03,30
VDS0020b,20220627,04,15
VDS0020b,20220627,05,28
VDS0020b,20220627,06,91
VDS0020b,20220627,07,210
VDS0020b,20220627,08,645
VDS0020b,20220627,09,880
VDS0020b,20220627,10,643
VDS0020b,20220627,11,413
VDS0020b,20220627,12,471
VDS0020b,20220627,13,440
VDS0020b,20220627,14,407
VDS0020b,20220627,15,489
VDS0020b,20220627,16,546
VDS0020b,20220627,17,702
VDS0020b,20220627,18,836
VDS0020b,20220627,19,1022
VDS0020b,20220627,20,621
VDS0020b,20220627,21,411
VDS0020b,20220627,22,375
VDS0020b,20220627,23,329
VDS0020b,20220628,00,193
VDS0020b,20220628,01,101
VDS0020b,20220628,02,64
VDS0020b,20220628,03,35
VDS0020b,20220628,04,26
VDS0020b,20220628,05,301
VDS0020b,20220628,06,63
VDS0020b,20220628,07,186
VDS0020b,20220628,08,601
VDS0020b,20220628,09,901
VDS0020b,20220628,10,600
VDS0020b,20220628,11,457
VDS0020b,20220628,12,553
VDS0020b,20220628,13,438
VDS0020b,20220628,14,491
VDS0020b,20220628,15,237
VDS0020b,20220628,16,646
VDS0020b,20220628,17,769
VDS0020b,20220628,18,773
VDS0020b,20220628,19,1019
VDS0020b,20220628,20,646
VDS0020b,20220628,21,449
VDS0020b,20220628,22,417
VDS0020b,20220628,23,299
VDS0020b,20220629,00,213
VDS0020b,20220629,01,91
VDS0020b,20220629,02,61
VDS0020b,20220629,03,34
VDS0020b,20220629,04,23
VDS0020b,20220629,05,29
VDS0020b,20220629,06,76
VDS0020b,20220629,07,175
VDS0020b,20220629,08,631
VDS0020b,20220629,09,916
VDS0020b,20220629,10,661
VDS0020b,20220629,11,461
VDS0020b,20220629,12,518
VDS0020b,20220629,13,483
VDS0020b,20220629,14,446
VDS0020b,20220629,15,513
VDS0020b,20220629,16,554
VDS0020b,20220629,17,807
VDS0020b,20220629,18,832
VDS0020b,20220629,19,981
VDS0020b,20220629,20,710
VDS0020b,20220629,21,410
VDS0020b,20220629,22,471
VDS0020b,20220629,23,322
VDS0020b,20220630,00,114
VDS0020b,20220630,00,177
VDS0020b,20220630,01,47
VDS0020b,20220630,03,18
VDS0020b,20220630,04,26
VDS0020b,20220630,05,41
VDS0020b,20220630,06,78
VDS0020b,20220630,07,175
VDS0020b,20220630,08,744
VDS0020b,20220630,09,969
VDS0020b,20220630,10,677
VDS0020b,20220630,11,452
VDS0020b,20220630,12,551
VDS0020b,20220630,13,511
VDS0020b,20220630,14,501
VDS0020b,20220630,15,502
VDS0020b,20220630,16,566
VDS0020b,20220630,17,686
VDS0020b,20220630,18,782
VDS0020b,20220630,19,1005
VDS0020b,20220630,20,716
VDS0020b,20220630,21,455
VDS0020b,20220630,22,404
VDS0020b,20220630,23,335
VDS0043a,20220601,00,358
VDS0043a,20220601,01,229
VDS0043a,20220601,02,152
VDS0043a,20220601,03,51
VDS0043a,20220601,04,67
VDS0043a,20220601,05,75
VDS0043a,20220601,06,103
VDS0043a,20220601,07,203
VDS0043a,20220601,08,207
VDS0043a,20220601,09,234
VDS0043a,20220601,10,69
VDS0043a,20220601,11,48
VDS0043a,20220601,12,84
VDS0043a,20220601,13,198
VDS0043a,20220601,14,659
VDS0043a,20220601,15,712
VDS0043a,20220601,16,643
VDS0043a,20220601,17,804
VDS0043a,20220601,18,703
VDS0043a,20220601,19,699
VDS0043a,20220601,20,643
VDS0043a,20220601,21,610
VDS0043a,20220601,22,515
VDS0043a,20220601,23,413
VDS0043a,20220602,00,229
VDS0043a,20220602,01,164
VDS0043a,20220602,02,88
VDS0043a,20220602,03,79
VDS0043a,20220602,04,67
VDS0043a,20220602,05,41
VDS0043a,20220602,06,121
VDS0043a,20220602,07,271
VDS0043a,20220602,08,463
VDS0043a,20220602,09,823
VDS0043a,20220602,10,759
VDS0043a,20220602,11,350
VDS0043a,20220602,12,482
VDS0043a,20220602,13,572
VDS0043a,20220602,14,771
VDS0043a,20220602,15,680
VDS0043a,20220602,16,625
VDS0043a,20220602,17,812
VDS0043a,20220602,18,803
VDS0043a,20220602,19,673
VDS0043a,20220602,20,801
VDS0043a,20220602,21,642
VDS0043a,20220602,22,525
VDS0043a,20220602,23,569
VDS0043a,20220603,00,267
VDS0043a,20220603,01,197
VDS0043a,20220603,02,144
VDS0043a,20220603,03,102
VDS0043a,20220603,04,55
VDS0043a,20220603,05,48
VDS0043a,20220603,06,85
VDS0043a,20220603,07,251
VDS0043a,20220603,08,562
VDS0043a,20220603,09,1052
VDS0043a,20220603,10,739
VDS0043a,20220603,11,396
VDS0043a,20220603,12,555
VDS0043a,20220603,13,638
VDS0043a,20220603,14,730
VDS0043a,20220603,15,700
VDS0043a,20220603,16,696
VDS0043a,20220603,17,831
VDS0043a,20220603,18,808
VDS0043a,20220603,19,664
VDS0043a,20220603,20,733
VDS0043a,20220603,21,694
VDS0043a,20220603,22,570
VDS0043a,20220603,23,485
VDS0043a,20220604,00,351
VDS0043a,20220604,01,262
VDS0043a,20220604,02,146
VDS0043a,20220604,03,107
VDS0043a,20220604,04,79
VDS0043a,20220604,05,57
VDS0043a,20220604,06,89
VDS0043a,20220604,07,189
VDS0043a,20220604,08,270
VDS0043a,20220604,09,436
VDS0043a,20220604,10,644
VDS0043a,20220604,11,529
VDS0043a,20220604,12,86
VDS0043a,20220604,13,345
VDS0043a,20220604,14,729
VDS0043a,20220604,15,747
VDS0043a,20220604,16,626
VDS0043a,20220604,17,650
VDS0043a,20220604,18,710
VDS0043a,20220604,19,630
VDS0043a,20220604,20,568
VDS0043a,20220604,21,572
VDS0043a,20220604,22,501
VDS0043a,20220604,23,379
VDS0043a,20220605,00,263
VDS0043a,20220605,01,174
VDS0043a,20220605,02,139
VDS0043a,20220605,03,99
VDS0043a,20220605,04,70
VDS0043a,20220605,05,38
VDS0043a,20220605,06,40
VDS0043a,20220605,07,126
VDS0043a,20220605,08,147
VDS0043a,20220605,09,229
VDS0043a,20220605,10,429
VDS0043a,20220605,11,399
VDS0043a,20220605,12,507
VDS0043a,20220605,13,663
VDS0043a,20220605,14,766
VDS0043a,20220605,15,717
VDS0043a,20220605,16,577
VDS0043a,20220605,16,567
VDS0043a,20220605,17,662
VDS0043a,20220605,18,695
VDS0043a,20220605,19,615
VDS0043a,20220605,20,519
VDS0043a,20220605,21,460
VDS0043a,20220605,23,253
VDS0043a,20220606,00,246
VDS0043a,20220606,01,141
VDS0043a,20220606,02,133
VDS0043a,20220606,03,94
VDS0043a,20220606,04,40
VDS0043a,20220606,05,36
VDS0043a,20220606,06,70
VDS0043a,20220606,07,156
VDS0043a,20220606,08,175
VDS0043a,20220606,09,264
VDS0043a,20220606,10,326
VDS0043a,20220606,11,345
VDS0043a,20220606,12,417
VDS0043a,20220606,13,425
VDS0043a,20220606,14,201
VDS0043a,20220606,16,746
VDS0043a,20220606,17,758
VDS0043a,20220606,18,860
VDS0043a,20220606,19,646
VDS0043a,20220606,20,636
VDS0043a,20220606,21,544
VDS0043a,20220606,22,458
VDS0043a,20220606,23,357
VDS0043a,20220607,00,212
VDS0043a,20220607,01,132
VDS0043a,20220607,02,77
VDS0043a,20220607,03,434
VDS0043a,20220607,04,37
VDS0043a,20220607,05,41
VDS0043a,20220607,06,100
VDS0043a,20220607,07,178
VDS0043a,20220607,08,613
VDS0043a,20220607,09,1018
VDS0043a,20220607,10,850
VDS0043a,20220607,11,373
VDS0043a,20220607,12,473
VDS0043a,20220607,13,651
VDS0043a,20220607,14,653
VDS0043a,20220607,15,619
VDS0043a,20220607,16,667
VDS0043a,20220607,17,810
VDS0043a,20220607,18,743
VDS0043a,20220607,19,806
VDS0043a,20220607,20,700
VDS0043a,20220607,21,628
VDS0043a,20220607,22,558
VDS0043a,20220607,23,513
VDS0043a,20220608,00,296
VDS0043a,20220608,01,172
VDS0043a,20220608,02,107
VDS0043a,20220608,03,89
VDS0043a,20220608,04,50
VDS0043a,20220608,05,40
VDS0043a,20220608,06,105
VDS0043a,20220608,07,275
VDS0043a,20220608,08,525
VDS0043a,20220608,09,1104
VDS0043a,20220608,10,775
VDS0043a,20220608,11,441
VDS0043a,20220608,12,53
VDS0043a,20220608,13,361
VDS0043a,20220608,14,715
VDS0043a,20220608,15,782
VDS0043a,20220608,16,761
VDS0043a,20220608,17,815
VDS0043a,20220608,18,758
VDS0043a,20220608,19,773
VDS0043a,20220608,20,853
VDS0043a,20220608,21,668
VDS0043a,20220608,22,630
VDS0043a,20220608,23,492
VDS0043a,20220609,00,309
VDS0043a,20220609,01,195
VDS0043a,20220609,02,115
VDS0043a,20220609,03,65
VDS0043a,20220609,04,53
VDS0043a,20220609,05,37
VDS0043a,20220609,06,97
VDS0043a,20220609,07,280
VDS0043a,20220609,08,539
VDS0043a,20220609,09,1031
VDS0043a,20220609,10,791
VDS0043a,20220609,11,473
VDS0043a,20220609,12,535
VDS0043a,20220609,13,683
VDS0043a,20220609,14,756
VDS0043a,20220609,15,731
VDS0043a,20220609,16,628
VDS0043a,20220609,17,779
VDS0043a,20220609,18,891
VDS0043a,20220609,19,791
VDS0043a,20220609,20,771
VDS0043a,20220609,21,634
VDS0043a,20220609,22,480
VDS0043a,20220609,23,452
VDS0043a,20220610,00,292
VDS0043a,20220610,01,126
VDS0043a,20220610,02,69
VDS0043a,20220610,03,42
VDS0043a,20220610,04,40
VDS0043a,20220610,05,31
VDS0043a,20220610,06,52
VDS0043a,20220610,07,142
VDS0043a,20220610,08,379
VDS0043a,20220610,09,497
VDS0043a,20220610,10,272
VDS0043a,20220610,11,529
VDS0043a,20220610,12,463
VDS0043a,20220610,13,379
VDS0043a,20220610,14,440
VDS0043a,20220610,15,372
VDS0043a,20220610,16,367
VDS0043a,20220610,17,384
VDS0043a,20220610,18,455
VDS0043a,20220610,19,341
VDS0043a,20220610,20,345
VDS0043a,20220610,20,327
VDS0043a,20220610,21,322
VDS0043a,20220610,22,243
VDS0043a,20220611,00,120
VDS0043a,20220611,01,43
VDS0043a,20220611,02,151
VDS0043a,20220611,03,137
VDS0043a,20220611,04,84
VDS0043a,20220611,05,53
VDS0043a,20220611,06,95
VDS0043a,20220611,07,201
VDS0043a,20220611,08,287
VDS0043a,20220611,09,444
VDS0043a,20220611,10,580
VDS0043a,20220611,11,487
VDS0043a,20220611,12,728
VDS0043a,20220611,13,770
VDS0043a,20220611,14,347
VDS0043a,20220611,15,359
VDS0043a,20220611,16,303
VDS0043a,20220611,17,170
VDS0043a,20220611,19,527
VDS0043a,20220611,20,667
VDS0043a,20220611,21,611
VDS0043a,20220611,22,527
VDS0043a,20220611,23,409
VDS0043a,20220612,00,248
VDS0043a,20220612,01,140
VDS0043a,20220612,02,129
VDS0043a,20220612,03,127
VDS0043a,20220612,04,63
VDS0043a,20220612,05,36
VDS0043a,20220612,06,41
VDS0043a,20220612,07,127
VDS0043a,20220612,08,141
VDS0043a,20220612,09,293
VDS0043a,20220612,10,400
VDS0043a,20220612,11,344
VDS0043a,20220612,12,599
VDS0043a,20220612,13,713
VDS0043a,20220612,14,727
VDS0043a,20220612,15,655
VDS0043a,20220612,16,607
VDS0043a,20220612,17,704
VDS0043a,20220612,18,634
VDS0043a,20220612,19,624
VDS0043a,20220612,20,610
VDS0043a,20220612,21,583
VDS0043a,20220612,22,455
VDS0043a,20220612,23,348
VDS0043a,20220613,00,222
VDS0043a,20220613,01,155
VDS0043a,20220613,02,83
VDS0043a,20220613,03,75
VDS0043a,20220613,04,27
VDS0043a,20220613,05,37
VDS0043a,20220613,06,89
VDS0043a,20220613,07,278
VDS0043a,20220613,08,608
VDS0043a,20220613,09,1087
VDS0043a,20220613,10,835
VDS0043a,20220613,11,391
VDS0043a,20220613,12,653
VDS0043a,20220613,13,655
VDS0043a,20220613,14,707
VDS0043a,20220613,15,632
VDS0043a,20220613,16,665
VDS0043a,20220613,17,797
VDS0043a,20220613,18,700
VDS0043a,20220613,19,774
VDS0043a,20220613,20,774
VDS0043a,20220613,21,650
VDS0043a,20220613,22,617
VDS0043a,20220613,23,545
VDS0043a,20220614,00,279
VDS0043a,20220614,01,180
VDS0043a,20220614,02,108
VDS0043a,20220614,03,75
VDS0043a,20220614,04,49
VDS0043a,20220614,05,43
VDS0043a,20220614,06,85
VDS0043a,20220614,07,219
VDS0043a,20220614,08,582
VDS0043a,20220614,09,875
VDS0043a,20220614,10,884
VDS0043a,20220614,11,439
VDS0043a,20220614,12,546
VDS0043a,20220614,13,615
VDS0043a,20220614,14,752
VDS0043a,20220614,15,673
VDS0043a,20220614,16,710
VDS0043a,20220614,17,697
VDS0043a,20220614,18,830
VDS0043a,20220614,19,800
VDS0043a,20220614,20,721
VDS0043a,20220614,21,694
VDS0043a,20220614,22,515
VDS0043a,20220614,23,541
VDS0043a,20220615,00,290
VDS0043a,20220615,01,215
VDS0043a,20220615,02,117
VDS0043a,20220615,03,71
VDS0043a,20220615,04,38
VDS0043a,20220615,05,36
VDS0043a,20220615,06,90
VDS0043a,20220615,07,249
VDS0043a,20220615,08,513
VDS0043a,20220615,09,763
VDS0043a,20220615,10,920
VDS0043a,20220615,11,446
VDS0043a,20220615,12,628
VDS0043a,20220615,13,768
VDS0043a,20220615,14,807
VDS0043a,20220615,15,687
VDS0043a,20220615,16,766
VDS0043a,20220615,17,747
VDS0043a,20220615,18,825
VDS0043a,20220615,19,771
VDS0043a,20220615,20,713
VDS0043a,20220615,21,726
VDS0043a,20220615,21,620
VDS0043a,20220615,22,506
VDS0043a,20220616,00,244
VDS0043a,20220616,01,225
VDS0043a,20220616,02,116
VDS0043a,20220616,03,94
VDS0043a,20220616,04,64
VDS0043a,20220616,05,41
VDS0043a,20220616,06,94
VDS0043a,20220616,07,252
VDS0043a,20220616,08,543
VDS0043a,20220616,09,1011
VDS0043a,20220616,10,844
VDS0043a,20220616,11,310
VDS0043a,20220616,12,576
VDS0043a,20220616,13,712
VDS0043a,20220616,14,766
VDS0043a,20220616,15,643
VDS0043a,20220616,16,324
VDS0043a,20220616,17,324
VDS0043a,20220616,18,382
VDS0043a,20220616,19,838
VDS0043a,20220616,20,779
VDS0043a,20220616,21,666
VDS0043a,20220616,22,642
VDS0043a,20220616,23,599
VDS0043a,20220617,00,369
VDS0043a,20220617,01,228
VDS0043a,20220617,02,146
VDS0043a,20220617,03,88
VDS0043a,20220617,04,51
VDS0043a,20220617,05,48
VDS0043a,20220617,06,93
VDS0043a,20220617,07,211
VDS0043a,20220617,08,552
VDS0043a,20220617,09,1149
VDS0043a,20220617,10,817
VDS0043a,20220617,11,457
VDS0043a,20220617,12,685
VDS0043a,20220617,13,683
VDS0043a,20220617,14,737
VDS0043a,20220617,15,722
VDS0043a,20220617,16,705
VDS0043a,20220617,17,850
VDS0043a,20220617,18,820
VDS0043a,20220617,19,735
VDS0043a,20220617,20,693
VDS0043a,20220617,21,800
VDS0043a,20220617,22,574
VDS0043a,20220617,23,557
VDS0043a,20220618,00,323
VDS0043a,20220618,01,236
VDS0043a,20220618,02,177
VDS0043a,20220618,03,257
VDS0043a,20220618,04,80
VDS0043a,20220618,05,64
VDS0043a,20220618,06,112
VDS0043a,20220618,07,208
VDS0043a,20220618,08,282
VDS0043a,20220618,09,404
VDS0043a,20220618,10,710
VDS0043a,20220618,11,485
VDS0043a,20220618,12,643
VDS0043a,20220618,13,888
VDS0043a,20220618,14,886
VDS0043a,20220618,15,844
VDS0043a,20220618,16,705
VDS0043a,20220618,17,718
VDS0043a,20220618,18,720
VDS0043a,20220618,19,651
VDS0043a,20220618,20,718
VDS0043a,20220618,21,597
VDS0043a,20220618,22,397
VDS0043a,20220618,23,259
VDS0043a,20220619,00,278
VDS0043a,20220619,01,184
VDS0043a,20220619,02,166
VDS0043a,20220619,03,111
VDS0043a,20220619,04,66
VDS0043a,20220619,05,53
VDS0043a,20220619,06,61
VDS0043a,20220619,07,85
VDS0043a,20220619,08,132
VDS0043a,20220619,09,286
VDS0043a,20220619,10,424
VDS0043a,20220619,11,368
VDS0043a,20220619,12,57
VDS0043a,20220619,13,353
VDS0043a,20220619,14,742
VDS0043a,20220619,15,772
VDS0043a,20220619,16,690
VDS0043a,20220619,17,737
VDS0043a,20220619,18,706
VDS0043a,20220619,19,710
VDS0043a,20220619,20,694
VDS0043a,20220619,21,620
VDS0043a,20220619,22,470
VDS0043a,20220619,23,420
VDS0043a,20220620,00,209
VDS0043a,20220620,01,122
VDS0043a,20220620,02,75
VDS0043a,20220620,03,45
VDS0043a,20220620,04,40
VDS0043a,20220620,05,36
VDS0043a,20220620,06,99
VDS0043a,20220620,07,278
VDS0043a,20220620,08,541
VDS0043a,20220620,09,911
VDS0043a,20220620,10,831
VDS0043a,20220620,11,435
VDS0043a,20220620,12,57
VDS0043a,20220620,13,287
VDS0043a,20220620,14,786
VDS0043a,20220620,15,684
VDS0043a,20220620,16,724
VDS0043a,20220620,17,747
VDS0043a,20220620,18,750
VDS0043a,20220620,19,814
VDS0043a,20220620,20,719
VDS0043a,20220620,21,669
VDS0043a,20220620,22,585
VDS0043a,20220620,23,521
VDS0043a,20220621,00,312
VDS0043a,20220621,01,195
VDS0043a,20220621,02,128
VDS0043a,20220621,03,95
VDS0043a,20220621,04,52
VDS0043a,20220621,05,43
VDS0043a,20220621,06,86
VDS0043a,20220621,07,261
VDS0043a,20220621,08,506
VDS0043a,20220621,09,960
VDS0043a,20220621,10,778
VDS0043a,20220621,11,440
VDS0043a,20220621,12,76
VDS0043a,20220621,13,324
VDS0043a,20220621,14,753
VDS0043a,20220621,15,623
VDS0043a,20220621,16,620
VDS0043a,20220621,17,636
VDS0043a,20220621,18,722
VDS0043a,20220621,19,872
VDS0043a,20220621,20,757
VDS0043a,20220621,21,688
VDS0043a,20220621,22,555
VDS0043a,20220621,23,456
VDS0043a,20220622,00,269
VDS0043a,20220622,01,219
VDS0043a,20220622,02,136
VDS0043a,20220622,03,100
VDS0043a,20220622,04,47
VDS0043a,20220622,05,47
VDS0043a,20220622,06,94
VDS0043a,20220622,07,248
VDS0043a,20220622,08,559
VDS0043a,20220622,09,892
VDS0043a,20220622,10,812
VDS0043a,20220622,11,482
VDS0043a,20220622,12,688
VDS0043a,20220622,13,779
VDS0043a,20220622,14,807
VDS0043a,20220622,15,692
VDS0043a,20220622,16,716
VDS0043a,20220622,17,698
VDS0043a,20220622,18,714
VDS0043a,20220622,19,836
VDS0043a,20220622,20,771
VDS0043a,20220622,21,682
VDS0043a,20220622,22,590
VDS0043a,20220622,23,480
VDS0043a,20220623,00,348
VDS0043a,20220623,01,212
VDS0043a,20220623,02,120
VDS0043a,20220623,03,107
VDS0043a,20220623,04,54
VDS0043a,20220623,05,59
VDS0043a,20220623,06,86
VDS0043a,20220623,07,278
VDS0043a,20220623,08,504
VDS0043a,20220623,09,872
VDS0043a,20220623,10,842
VDS0043a,20220623,11,408
VDS0043a,20220623,12,595
VDS0043a,20220623,13,784
VDS0043a,20220623,14,736
VDS0043a,20220623,15,667
VDS0043a,20220623,16,724
VDS0043a,20220623,17,781
VDS0043a,20220623,18,796
VDS0043a,20220623,19,796
VDS0043a,20220623,20,712
VDS0043a,20220623,21,626
VDS0043a,20220623,22,514
VDS0043a,20220623,23,492
VDS0043a,20220624,00,338
VDS0043a,20220624,01,203
VDS0043a,20220624,02,131
VDS0043a,20220624,03,73
VDS0043a,20220624,04,48
VDS0043a,20220624,05,47
VDS0043a,20220624,06,101
VDS0043a,20220624,07,262
VDS0043a,20220624,08,1044
VDS0043a,20220624,08,599
VDS0043a,20220624,09,838
VDS0043a,20220624,10,379
VDS0043a,20220624,12,539
VDS0043a,20220624,13,839
VDS0043a,20220624,14,821
VDS0043a,20220624,15,723
VDS0043a,20220624,16,763
VDS0043a,20220624,17,852
VDS0043a,20220624,18,820
VDS0043a,20220624,19,880
VDS0043a,20220624,20,797
VDS0043a,20220624,21,723
VDS0043a,20220624,22,638
VDS0043a,20220624,23,488
VDS0043a,20220625,00,376
VDS0043a,20220625,01,225
VDS0043a,20220625,02,215
VDS0043a,20220625,03,129
VDS0043a,20220625,04,67
VDS0043a,20220625,05,16
VDS0043a,20220625,06,60
VDS0043a,20220625,07,165
VDS0043a,20220625,08,266
VDS0043a,20220625,09,428
VDS0043a,20220625,10,592
VDS0043a,20220625,11,426
VDS0043a,20220625,12,646
VDS0043a,20220625,13,826
VDS0043a,20220625,14,835
VDS0043a,20220625,15,819
VDS0043a,20220625,16,733
VDS0043a,20220625,17,680
VDS0043a,20220625,18,770
VDS0043a,20220625,19,785
VDS0043a,20220625,20,736
VDS0043a,20220625,21,685
VDS0043a,20220625,22,528
VDS0043a,20220625,23,390
VDS0043a,20220626,00,288
VDS0043a,20220626,01,206
VDS0043a,20220626,02,136
VDS0043a,20220626,03,111
VDS0043a,20220626,04,64
VDS0043a,20220626,05,56
VDS0043a,20220626,06,51
VDS0043a,20220626,07,93
VDS0043a,20220626,08,148
VDS0043a,20220626,09,269
VDS0043a,20220626,10,347
VDS0043a,20220626,11,317
VDS0043a,20220626,12,526
VDS0043a,20220626,13,626
VDS0043a,20220626,14,726
VDS0043a,20220626,15,748
VDS0043a,20220626,16,692
VDS0043a,20220626,17,731
VDS0043a,20220626,18,734
VDS0043a,20220626,19,679
VDS0043a,20220626,20,631
VDS0043a,20220626,21,631
VDS0043a,20220626,22,484
VDS0043a,20220626,23,361
VDS0043a,20220627,00,247
VDS0043a,20220627,01,115
VDS0043a,20220627,02,85
VDS0043a,20220627,03,61
VDS0043a,20220627,04,38
VDS0043a,20220627,05,41
VDS0043a,20220627,06,96
VDS0043a,20220627,07,285
VDS0043a,20220627,08,572
VDS0043a,20220627,09,1032
VDS0043a,20220627,10,700
VDS0043a,20220627,11,408
VDS0043a,20220627,12,392
VDS0043a,20220627,13,788
VDS0043a,20220627,14,718
VDS0043a,20220627,15,703
VDS0043a,20220627,16,685
VDS0043a,20220627,17,730
VDS0043a,20220627,18,769
VDS0043a,20220627,19,797
VDS0043a,20220627,20,723
VDS0043a,20220627,21,622
VDS0043a,20220627,22,567
VDS0043a,20220627,23,491
VDS0043a,20220628,00,288
VDS0043a,20220628,01,192
VDS0043a,20220628,02,104
VDS0043a,20220628,03,60
VDS0043a,20220628,04,43
VDS0043a,20220628,05,41
VDS0043a,20220628,06,87
VDS0043a,20220628,07,264
VDS0043a,20220628,08,597
VDS0043a,20220628,09,1009
VDS0043a,20220628,10,785
VDS0043a,20220628,11,377
VDS0043a,20220628,12,674
VDS0043a,20220628,13,749
VDS0043a,20220628,14,821
VDS0043a,20220628,15,685
VDS0043a,20220628,16,694
VDS0043a,20220628,17,597
VDS0043a,20220628,18,753
VDS0043a,20220628,19,769
VDS0043a,20220628,20,633
VDS0043a,20220628,21,681
VDS0043a,20220628,22,550
VDS0043a,20220628,23,539
VDS0043a,20220629,00,320
VDS0043a,20220629,01,223
VDS0043a,20220629,02,126
VDS0043a,20220629,03,100
VDS0043a,20220629,04,46
VDS0043a,20220629,05,45
VDS0043a,20220629,06,77
VDS0043a,20220629,07,224
VDS0043a,20220629,08,583
VDS0043a,20220629,09,740
VDS0043a,20220629,10,882
VDS0043a,20220629,11,406
VDS0043a,20220629,12,668
VDS0043a,20220629,13,762
VDS0043a,20220629,14,781
VDS0043a,20220629,15,748
VDS0043a,20220629,16,719
VDS0043a,20220629,17,854
VDS0043a,20220629,18,818
VDS0043a,20220629,19,653
VDS0043a,20220629,20,777
VDS0043a,20220629,21,623
VDS0043a,20220629,22,596
VDS0043a,20220629,23,553
VDS0043a,20220630,00,185
VDS0043a,20220630,00,338
VDS0043a,20220630,01,125
VDS0043a,20220630,03,77
VDS0043a,20220630,04,44
VDS0043a,20220630,05,51
VDS0043a,20220630,06,72
VDS0043a,20220630,07,246
VDS0043a,20220630,08,539
VDS0043a,20220630,09,1024
VDS0043a,20220630,10,863
VDS0043a,20220630,11,369
VDS0043a,20220630,12,38
VDS0043a,20220630,13,279
VDS0043a,20220630,14,717
VDS0043a,20220630,15,760
VDS0043a,20220630,16,787
VDS0043a,20220630,17,755
VDS0043a,20220630,18,882
VDS0043a,20220630,19,857
VDS0043a,20220630,20,731
VDS0043a,20220630,21,278
VDS0043a,20220630,22,247
VDS0043a,20220630,23,326
VDS0044b,20220601,00,402
VDS0044b,20220601,01,221
VDS0044b,20220601,02,109
VDS0044b,20220601,03,43
VDS0044b,20220601,04,50
VDS0044b,20220601,05,85
VDS0044b,20220601,06,100
VDS0044b,20220601,07,210
VDS0044b,20220601,08,274
VDS0044b,20220601,09,341
VDS0044b,20220601,10,264
VDS0044b,20220601,11,614
VDS0044b,20220601,12,298
VDS0044b,20220601,14,634
VDS0044b,20220601,15,786
VDS0044b,20220601,16,669
VDS0044b,20220601,17,646
VDS0044b,20220601,18,696
VDS0044b,20220601,19,752
VDS0044b,20220601,20,627
VDS0044b,20220601,21,702
VDS0044b,20220601,22,432
VDS0044b,20220601,23,393
VDS0044b,20220602,00,269
VDS0044b,20220602,01,149
VDS0044b,20220602,02,78
VDS0044b,20220602,03,43
VDS0044b,20220602,04,49
VDS0044b,20220602,05,47
VDS0044b,20220602,06,93
VDS0044b,20220602,07,306
VDS0044b,20220602,08,594
VDS0044b,20220602,09,784
VDS0044b,20220602,10,768
VDS0044b,20220602,11,387
VDS0044b,20220602,12,570
VDS0044b,20220602,13,640
VDS0044b,20220602,14,748
VDS0044b,20220602,15,657
VDS0044b,20220602,16,699
VDS0044b,20220602,17,708
VDS0044b,20220602,18,905
VDS0044b,20220602,19,881
VDS0044b,20220602,20,728
VDS0044b,20220602,21,560
VDS0044b,20220602,22,544
VDS0044b,20220602,23,469
VDS0044b,20220603,00,327
VDS0044b,20220603,01,205
VDS0044b,20220603,02,119
VDS0044b,20220603,03,90
VDS0044b,20220603,04,57
VDS0044b,20220603,05,46
VDS0044b,20220603,06,103
VDS0044b,20220603,07,251
VDS0044b,20220603,08,596
VDS0044b,20220603,09,842
VDS0044b,20220603,10,760
VDS0044b,20220603,11,369
VDS0044b,20220603,12,624
VDS0044b,20220603,13,782
VDS0044b,20220603,14,816
VDS0044b,20220603,15,792
VDS0044b,20220603,16,740
VDS0044b,20220603,17,821
VDS0044b,20220603,18,908
VDS0044b,20220603,19,749
VDS0044b,20220603,20,713
VDS0044b,20220603,21,731
VDS0044b,20220603,22,589
VDS0044b,20220603,23,560
VDS0044b,20220604,00,392
VDS0044b,20220604,01,251
VDS0044b,20220604,02,132
VDS0044b,20220604,03,91
VDS0044b,20220604,04,73
VDS0044b,20220604,05,61
VDS0044b,20220604,06,80
VDS0044b,20220604,07,239
VDS0044b,20220604,08,259
VDS0044b,20220604,09,373
VDS0044b,20220604,10,618
VDS0044b,20220604,11,499
VDS0044b,20220604,12,726
VDS0044b,20220604,13,911
VDS0044b,20220604,14,905
VDS0044b,20220604,15,821
VDS0044b,20220604,16,891
VDS0044b,20220604,17,934
VDS0044b,20220604,18,907
VDS0044b,20220604,19,811
VDS0044b,20220604,20,647
VDS0044b,20220604,21,712
VDS0044b,20220604,22,495
VDS0044b,20220604,23,416
VDS0044b,20220605,00,280
VDS0044b,20220605,01,191
VDS0044b,20220605,02,96
VDS0044b,20220605,03,77
VDS0044b,20220605,04,45
VDS0044b,20220605,05,46
VDS0044b,20220605,06,37
VDS0044b,20220605,07,139
VDS0044b,20220605,08,215
VDS0044b,20220605,09,284
VDS0044b,20220605,10,441
VDS0044b,20220605,11,399
VDS0044b,20220605,12,132
VDS0044b,20220605,13,330
VDS0044b,20220605,14,760
VDS0044b,20220605,15,719
VDS0044b,20220605,16,527
VDS0044b,20220605,16,648
VDS0044b,20220605,17,529
VDS0044b,20220605,18,578
VDS0044b,20220605,19,609
VDS0044b,20220605,20,491
VDS0044b,20220605,21,478
VDS0044b,20220605,23,242
VDS0044b,20220606,00,215
VDS0044b,20220606,01,153
VDS0044b,20220606,02,81
VDS0044b,20220606,03,74
VDS0044b,20220606,04,33
VDS0044b,20220606,05,50
VDS0044b,20220606,06,61
VDS0044b,20220606,07,174
VDS0044b,20220606,08,240
VDS0044b,20220606,09,249
VDS0044b,20220606,10,300
VDS0044b,20220606,11,267
VDS0044b,20220606,12,257
VDS0044b,20220606,13,371
VDS0044b,20220606,14,73
VDS0044b,20220606,15,51
VDS0044b,20220606,16,743
VDS0044b,20220606,17,662
VDS0044b,20220606,18,622
VDS0044b,20220606,19,726
VDS0044b,20220606,20,700
VDS0044b,20220606,21,658
VDS0044b,20220606,22,487
VDS0044b,20220606,23,339
VDS0044b,20220607,00,269
VDS0044b,20220607,01,129
VDS0044b,20220607,02,76
VDS0044b,20220607,03,48
VDS0044b,20220607,04,33
VDS0044b,20220607,05,29
VDS0044b,20220607,06,96
VDS0044b,20220607,07,359
VDS0044b,20220607,08,632
VDS0044b,20220607,09,952
VDS0044b,20220607,10,677
VDS0044b,20220607,11,316
VDS0044b,20220607,12,659
VDS0044b,20220607,13,759
VDS0044b,20220607,14,828
VDS0044b,20220607,15,795
VDS0044b,20220607,16,748
VDS0044b,20220607,17,876
VDS0044b,20220607,18,897
VDS0044b,20220607,19,868
VDS0044b,20220607,20,756
VDS0044b,20220607,21,596
VDS0044b,20220607,22,535
VDS0044b,20220607,23,438
VDS0044b,20220608,00,317
VDS0044b,20220608,01,182
VDS0044b,20220608,02,121
VDS0044b,20220608,03,69
VDS0044b,20220608,04,53
VDS0044b,20220608,05,51
VDS0044b,20220608,06,88
VDS0044b,20220608,07,294
VDS0044b,20220608,08,515
VDS0044b,20220608,09,782
VDS0044b,20220608,10,855
VDS0044b,20220608,11,423
VDS0044b,20220608,12,665
VDS0044b,20220608,13,792
VDS0044b,20220608,14,831
VDS0044b,20220608,15,707
VDS0044b,20220608,16,740
VDS0044b,20220608,17,797
VDS0044b,20220608,18,922
VDS0044b,20220608,19,913
VDS0044b,20220608,20,833
VDS0044b,20220608,21,610
VDS0044b,20220608,22,578
VDS0044b,20220608,23,563
VDS0044b,20220609,00,330
VDS0044b,20220609,01,209
VDS0044b,20220609,02,124
VDS0044b,20220609,03,74
VDS0044b,20220609,04,48
VDS0044b,20220609,05,42
VDS0044b,20220609,06,105
VDS0044b,20220609,07,316
VDS0044b,20220609,08,572
VDS0044b,20220609,09,822
VDS0044b,20220609,10,670
VDS0044b,20220609,11,475
VDS0044b,20220609,12,553
VDS0044b,20220609,13,660
VDS0044b,20220609,14,845
VDS0044b,20220609,15,840
VDS0044b,20220609,16,810
VDS0044b,20220609,17,779
VDS0044b,20220609,18,713
VDS0044b,20220609,19,852
VDS0044b,20220609,20,849
VDS0044b,20220609,21,667
VDS0044b,20220609,22,526
VDS0044b,20220609,23,471
VDS0044b,20220610,00,331
VDS0044b,20220610,01,144
VDS0044b,20220610,02,81
VDS0044b,20220610,03,40
VDS0044b,20220610,04,57
VDS0044b,20220610,05,34
VDS0044b,20220610,06,43
VDS0044b,20220610,07,129
VDS0044b,20220610,08,227
VDS0044b,20220610,09,522
VDS0044b,20220610,10,363
VDS0044b,20220610,11,639
VDS0044b,20220610,12,424
VDS0044b,20220610,13,379
VDS0044b,20220610,14,387
VDS0044b,20220610,15,361
VDS0044b,20220610,16,446
VDS0044b,20220610,17,522
VDS0044b,20220610,18,556
VDS0044b,20220610,19,479
VDS0044b,20220610,20,351
VDS0044b,20220610,20,462
VDS0044b,20220610,21,334
VDS0044b,20220610,22,238
VDS0044b,20220611,00,105
VDS0044b,20220611,01,227
VDS0044b,20220611,02,135
VDS0044b,20220611,03,97
VDS0044b,20220611,04,68
VDS0044b,20220611,05,62
VDS0044b,20220611,06,82
VDS0044b,20220611,07,186
VDS0044b,20220611,08,309
VDS0044b,20220611,09,451
VDS0044b,20220611,10,642
VDS0044b,20220611,11,421
VDS0044b,20220611,12,892
VDS0044b,20220611,13,882
VDS0044b,20220611,14,793
VDS0044b,20220611,15,373
VDS0044b,20220611,16,383
VDS0044b,20220611,17,399
VDS0044b,20220611,18,848
VDS0044b,20220611,19,874
VDS0044b,20220611,20,730
VDS0044b,20220611,21,593
VDS0044b,20220611,22,515
VDS0044b,20220611,23,380
VDS0044b,20220612,00,262
VDS0044b,20220612,01,155
VDS0044b,20220612,02,109
VDS0044b,20220612,03,79
VDS0044b,20220612,04,51
VDS0044b,20220612,05,37
VDS0044b,20220612,06,45
VDS0044b,20220612,07,143
VDS0044b,20220612,08,195
VDS0044b,20220612,09,253
VDS0044b,20220612,10,499
VDS0044b,20220612,11,397
VDS0044b,20220612,12,618
VDS0044b,20220612,13,751
VDS0044b,20220612,14,765
VDS0044b,20220612,15,633
VDS0044b,20220612,16,678
VDS0044b,20220612,17,728
VDS0044b,20220612,18,723
VDS0044b,20220612,19,752
VDS0044b,20220612,20,648
VDS0044b,20220612,21,586
VDS0044b,20220612,22,508
VDS0044b,20220612,23,347
VDS0044b,20220613,00,457
VDS0044b,20220613,01,201
VDS0044b,20220613,02,74
VDS0044b,20220613,03,46
VDS0044b,20220613,04,113
VDS0044b,20220613,05,42
VDS0044b,20220613,06,107
VDS0044b,20220613,07,377
VDS0044b,20220613,08,670
VDS0044b,20220613,09,808
VDS0044b,20220613,10,417
VDS0044b,20220613,11,391
VDS0044b,20220613,12,495
VDS0044b,20220613,13,659
VDS0044b,20220613,14,776
VDS0044b,20220613,15,728
VDS0044b,20220613,16,714
VDS0044b,20220613,17,677
VDS0044b,20220613,18,843
VDS0044b,20220613,19,904
VDS0044b,20220613,20,704
VDS0044b,20220613,21,578
VDS0044b,20220613,22,539
VDS0044b,20220613,23,448
VDS0044b,20220614,00,319
VDS0044b,20220614,01,189
VDS0044b,20220614,02,93
VDS0044b,20220614,03,66
VDS0044b,20220614,04,56
VDS0044b,20220614,05,55
VDS0044b,20220614,06,90
VDS0044b,20220614,07,300
VDS0044b,20220614,08,635
VDS0044b,20220614,09,936
VDS0044b,20220614,10,715
VDS0044b,20220614,11,481
VDS0044b,20220614,12,131
VDS0044b,20220614,13,301
VDS0044b,20220614,14,777
VDS0044b,20220614,15,729
VDS0044b,20220614,16,766
VDS0044b,20220614,17,822
VDS0044b,20220614,18,839
VDS0044b,20220614,19,829
VDS0044b,20220614,20,835
VDS0044b,20220614,21,531
VDS0044b,20220614,22,458
VDS0044b,20220614,23,503
VDS0044b,20220615,00,313
VDS0044b,20220615,01,208
VDS0044b,20220615,02,103
VDS0044b,20220615,03,72
VDS0044b,20220615,04,44
VDS0044b,20220615,05,39
VDS0044b,20220615,06,83
VDS0044b,20220615,07,299
VDS0044b,20220615,08,512
VDS0044b,20220615,09,735
VDS0044b,20220615,10,600
VDS0044b,20220615,11,363
VDS0044b,20220615,12,80
VDS0044b,20220615,13,366
VDS0044b,20220615,14,907
VDS0044b,20220615,15,727
VDS0044b,20220615,16,735
VDS0044b,20220615,17,887
VDS0044b,20220615,18,889
VDS0044b,20220615,19,749
VDS0044b,20220615,20,815
VDS0044b,20220615,21,697
VDS0044b,20220615,21,606
VDS0044b,20220615,22,470
VDS0044b,20220616,00,256
VDS0044b,20220616,01,194
VDS0044b,20220616,02,123
VDS0044b,20220616,03,69
VDS0044b,20220616,04,56
VDS0044b,20220616,05,64
VDS0044b,20220616,06,96
VDS0044b,20220616,07,330
VDS0044b,20220616,08,588
VDS0044b,20220616,09,903
VDS0044b,20220616,10,745
VDS0044b,20220616,11,414
VDS0044b,20220616,12,698
VDS0044b,20220616,13,784
VDS0044b,20220616,14,775
VDS0044b,20220616,15,744
VDS0044b,20220616,16,369
VDS0044b,20220616,17,350
VDS0044b,20220616,18,765
VDS0044b,20220616,19,875
VDS0044b,20220616,20,859
VDS0044b,20220616,21,624
VDS0044b,20220616,22,539
VDS0044b,20220616,23,533
VDS0044b,20220617,00,379
VDS0044b,20220617,01,217
VDS0044b,20220617,02,137
VDS0044b,20220617,03,92
VDS0044b,20220617,04,47
VDS0044b,20220617,05,42
VDS0044b,20220617,06,117
VDS0044b,20220617,07,296
VDS0044b,20220617,08,460
VDS0044b,20220617,09,972
VDS0044b,20220617,10,749
VDS0044b,20220617,11,435
VDS0044b,20220617,12,636
VDS0044b,20220617,13,816
VDS0044b,20220617,14,853
VDS0044b,20220617,15,745
VDS0044b,20220617,16,863
VDS0044b,20220617,17,866
VDS0044b,20220617,18,932
VDS0044b,20220617,19,954
VDS0044b,20220617,20,822
VDS0044b,20220617,21,696
VDS0044b,20220617,22,623
VDS0044b,20220617,23,479
VDS0044b,20220618,00,337
VDS0044b,20220618,01,209
VDS0044b,20220618,02,150
VDS0044b,20220618,03,100
VDS0044b,20220618,04,60
VDS0044b,20220618,05,65
VDS0044b,20220618,06,97
VDS0044b,20220618,07,218
VDS0044b,20220618,08,325
VDS0044b,20220618,09,467
VDS0044b,20220618,10,653
VDS0044b,20220618,11,424
VDS0044b,20220618,12,824
VDS0044b,20220618,13,822
VDS0044b,20220618,14,843
VDS0044b,20220618,15,891
VDS0044b,20220618,16,824
VDS0044b,20220618,17,645
VDS0044b,20220618,18,777
VDS0044b,20220618,19,727
VDS0044b,20220618,20,713
VDS0044b,20220618,21,573
VDS0044b,20220618,22,543
VDS0044b,20220618,23,326
VDS0044b,20220619,00,259
VDS0044b,20220619,01,99
VDS0044b,20220619,02,291
VDS0044b,20220619,03,235
VDS0044b,20220619,04,211
VDS0044b,20220619,05,39
VDS0044b,20220619,06,54
VDS0044b,20220619,07,137
VDS0044b,20220619,08,201
VDS0044b,20220619,09,269
VDS0044b,20220619,10,572
VDS0044b,20220619,11,321
VDS0044b,20220619,12,376
VDS0044b,20220619,13,784
VDS0044b,20220619,14,793
VDS0044b,20220619,15,803
VDS0044b,20220619,16,673
VDS0044b,20220619,17,759
VDS0044b,20220619,18,762
VDS0044b,20220619,19,532
VDS0044b,20220619,20,678
VDS0044b,20220619,21,582
VDS0044b,20220619,22,406
VDS0044b,20220619,23,362
VDS0044b,20220620,00,242
VDS0044b,20220620,01,150
VDS0044b,20220620,02,73
VDS0044b,20220620,03,52
VDS0044b,20220620,04,33
VDS0044b,20220620,05,48
VDS0044b,20220620,06,125
VDS0044b,20220620,07,331
VDS0044b,20220620,08,610
VDS0044b,20220620,09,889
VDS0044b,20220620,10,638
VDS0044b,20220620,11,375
VDS0044b,20220620,12,620
VDS0044b,20220620,13,784
VDS0044b,20220620,14,766
VDS0044b,20220620,15,801
VDS0044b,20220620,16,705
VDS0044b,20220620,17,908
VDS0044b,20220620,18,977
VDS0044b,20220620,19,947
VDS0044b,20220620,20,726
VDS0044b,20220620,21,601
VDS0044b,20220620,22,544
VDS0044b,20220620,23,428
VDS0044b,20220621,00,316
VDS0044b,20220621,01,174
VDS0044b,20220621,02,94
VDS0044b,20220621,03,80
VDS0044b,20220621,04,47
VDS0044b,20220621,05,39
VDS0044b,20220621,06,83
VDS0044b,20220621,07,272
VDS0044b,20220621,08,507
VDS0044b,20220621,09,834
VDS0044b,20220621,10,815
VDS0044b,20220621,11,455
VDS0044b,20220621,12,638
VDS0044b,20220621,13,792
VDS0044b,20220621,14,864
VDS0044b,20220621,15,820
VDS0044b,20220621,16,834
VDS0044b,20220621,17,823
VDS0044b,20220621,18,864
VDS0044b,20220621,19,932
VDS0044b,20220621,20,830
VDS0044b,20220621,21,601
VDS0044b,20220621,22,537
VDS0044b,20220621,23,494
VDS0044b,20220622,00,356
VDS0044b,20220622,01,200
VDS0044b,20220622,02,119
VDS0044b,20220622,03,77
VDS0044b,20220622,04,60
VDS0044b,20220622,05,49
VDS0044b,20220622,06,76
VDS0044b,20220622,07,283
VDS0044b,20220622,08,535
VDS0044b,20220622,09,860
VDS0044b,20220622,10,760
VDS0044b,20220622,11,464
VDS0044b,20220622,12,665
VDS0044b,20220622,13,696
VDS0044b,20220622,14,750
VDS0044b,20220622,15,794
VDS0044b,20220622,16,806
VDS0044b,20220622,17,864
VDS0044b,20220622,18,855
VDS0044b,20220622,19,826
VDS0044b,20220622,20,827
VDS0044b,20220622,21,643
VDS0044b,20220622,22,530
VDS0044b,20220622,23,515
VDS0044b,20220623,00,364
VDS0044b,20220623,01,200
VDS0044b,20220623,02,131
VDS0044b,20220623,03,76
VDS0044b,20220623,04,62
VDS0044b,20220623,05,41
VDS0044b,20220623,06,83
VDS0044b,20220623,07,299
VDS0044b,20220623,08,606
VDS0044b,20220623,09,904
VDS0044b,20220623,10,698
VDS0044b,20220623,11,395
VDS0044b,20220623,12,110
VDS0044b,20220623,13,392
VDS0044b,20220623,14,701
VDS0044b,20220623,15,714
VDS0044b,20220623,16,676
VDS0044b,20220623,17,777
VDS0044b,20220623,18,844
VDS0044b,20220623,19,784
VDS0044b,20220623,20,789
VDS0044b,20220623,21,509
VDS0044b,20220623,22,461
VDS0044b,20220623,23,403
VDS0044b,20220624,00,329
VDS0044b,20220624,01,175
VDS0044b,20220624,02,96
VDS0044b,20220624,03,85
VDS0044b,20220624,04,37
VDS0044b,20220624,05,46
VDS0044b,20220624,06,69
VDS0044b,20220624,07,272
VDS0044b,20220624,08,516
VDS0044b,20220624,08,802
VDS0044b,20220624,09,756
VDS0044b,20220624,10,438
VDS0044b,20220624,12,627
VDS0044b,20220624,13,845
VDS0044b,20220624,14,858
VDS0044b,20220624,15,838
VDS0044b,20220624,16,732
VDS0044b,20220624,17,905
VDS0044b,20220624,18,843
VDS0044b,20220624,19,767
VDS0044b,20220624,20,915
VDS0044b,20220624,21,650
VDS0044b,20220624,22,570
VDS0044b,20220624,23,520
VDS0044b,20220625,00,368
VDS0044b,20220625,01,187
VDS0044b,20220625,02,156
VDS0044b,20220625,03,99
VDS0044b,20220625,04,64
VDS0044b,20220625,05,31
VDS0044b,20220625,06,27
VDS0044b,20220625,07,161
VDS0044b,20220625,08,285
VDS0044b,20220625,09,405
VDS0044b,20220625,10,673
VDS0044b,20220625,11,530
VDS0044b,20220625,12,876
VDS0044b,20220625,13,873
VDS0044b,20220625,14,900
VDS0044b,20220625,15,786
VDS0044b,20220625,16,785
VDS0044b,20220625,17,836
VDS0044b,20220625,18,761
VDS0044b,20220625,19,718
VDS0044b,20220625,20,657
VDS0044b,20220625,21,566
VDS0044b,20220625,22,423
VDS0044b,20220625,23,392
VDS0044b,20220626,00,330
VDS0044b,20220626,01,199
VDS0044b,20220626,02,126
VDS0044b,20220626,03,80
VDS0044b,20220626,04,54
VDS0044b,20220626,05,48
VDS0044b,20220626,06,53
VDS0044b,20220626,07,124
VDS0044b,20220626,08,175
VDS0044b,20220626,09,267
VDS0044b,20220626,10,390
VDS0044b,20220626,11,405
VDS0044b,20220626,12,611
VDS0044b,20220626,13,636
VDS0044b,20220626,14,783
VDS0044b,20220626,15,632
VDS0044b,20220626,16,758
VDS0044b,20220626,17,593
VDS0044b,20220626,18,601
VDS0044b,20220626,19,721
VDS0044b,20220626,20,655
VDS0044b,20220626,21,605
VDS0044b,20220626,22,530
VDS0044b,20220626,23,359
VDS0044b,20220627,00,241
VDS0044b,20220627,01,139
VDS0044b,20220627,02,79
VDS0044b,20220627,03,46
VDS0044b,20220627,04,25
VDS0044b,20220627,05,47
VDS0044b,20220627,06,121
VDS0044b,20220627,07,364
VDS0044b,20220627,08,628
VDS0044b,20220627,09,795
VDS0044b,20220627,10,765
VDS0044b,20220627,11,433
VDS0044b,20220627,12,701
VDS0044b,20220627,13,724
VDS0044b,20220627,14,727
VDS0044b,20220627,15,660
VDS0044b,20220627,16,717
VDS0044b,20220627,17,916
VDS0044b,20220627,18,919
VDS0044b,20220627,19,767
VDS0044b,20220627,20,751
VDS0044b,20220627,21,475
VDS0044b,20220627,22,548
VDS0044b,20220627,23,418
VDS0044b,20220628,00,252
VDS0044b,20220628,01,180
VDS0044b,20220628,02,128
VDS0044b,20220628,03,74
VDS0044b,20220628,04,47
VDS0044b,20220628,05,56
VDS0044b,20220628,06,90
VDS0044b,20220628,07,357
VDS0044b,20220628,08,562
VDS0044b,20220628,09,701
VDS0044b,20220628,10,701
VDS0044b,20220628,11,474
VDS0044b,20220628,12,631
VDS0044b,20220628,13,768
VDS0044b,20220628,14,764
VDS0044b,20220628,15,808
VDS0044b,20220628,16,718
VDS0044b,20220628,17,814
VDS0044b,20220628,18,886
VDS0044b,20220628,19,846
VDS0044b,20220628,20,837
VDS0044b,20220628,21,675
VDS0044b,20220628,22,579
VDS0044b,20220628,23,477
VDS0044b,20220629,00,349
VDS0044b,20220629,01,235
VDS0044b,20220629,02,112
VDS0044b,20220629,03,80
VDS0044b,20220629,04,53
VDS0044b,20220629,05,46
VDS0044b,20220629,06,66
VDS0044b,20220629,07,283
VDS0044b,20220629,08,545
VDS0044b,20220629,09,672
VDS0044b,20220629,10,681
VDS0044b,20220629,11,462
VDS0044b,20220629,12,640
VDS0044b,20220629,13,723
VDS0044b,20220629,14,743
VDS0044b,20220629,15,826
VDS0044b,20220629,16,881
VDS0044b,20220629,17,870
VDS0044b,20220629,18,804
VDS0044b,20220629,19,659
VDS0044b,20220629,20,555
VDS0044b,20220629,21,446
VDS0044b,20220629,22,490
VDS0044b,20220629,23,406
VDS0044b,20220630,00,364
VDS0044b,20220630,00,193
VDS0044b,20220630,01,128
VDS0044b,20220630,03,55
VDS0044b,20220630,04,49
VDS0044b,20220630,05,50
VDS0044b,20220630,06,86
VDS0044b,20220630,07,297
VDS0044b,20220630,08,483
VDS0044b,20220630,09,835
VDS0044b,20220630,10,673
VDS0044b,20220630,11,518
VDS0044b,20220630,12,680
VDS0044b,20220630,13,699
VDS0044b,20220630,14,788
VDS0044b,20220630,15,722
VDS0044b,20220630,16,828
VDS0044b,20220630,17,754
VDS0044b,20220630,18,880
VDS0044b,20220630,19,942
VDS0044b,20220630,20,732
VDS0044b,20220630,21,470
VDS0044b,20220630,22,377
VDS0044b,20220630,23,49
